id,predicted_category,original_text,true_label
151,Is not about food,"'Lastige toekomst eethuizen' Van een onzer verslaggevers Rotterdam - Het Bedrijfschap Horeca en Catering voorziet een aantal magere jaren voor restaurants en snackbars. Wim Waninge van het Bedrijfschap zei dat gisteren bij de opening van de horecavakbeurs Horecava in de Amsterdamse RAL Door de afnemende koopkracht moeten restauranthouders volgens Waninge de broekriem aantrekken. ""Nu de koopkracht door de economische recessie afneemt, zoekt men naar goedkopere manieren om hetzelfde te krijgen. De consumenten kopen vaker cant-en-klare maaltijden in de sulermarkten, dan dat ze uit eten ;aan."" De thuisconsumptie nam in 1002 met zeven procent toe, tervijl uit cijfers van het Bedrijfschap blijkt dat het eten buiten de leur met vier procent afnam. Geniddeld aten we vorig jaar dertig naai in een restaurant of een snackbar en betaalden we 35 euro per maaltijd voor twee personen. Waninge denkt dat de helft van de ondernemers in de fastfood- en restaurantsector te weinig winst maakt om de komende vijf jaar rendabel te blijven. ""De grote banken hanteren een omzet van 23.000 euro per jaar om als ondernemer te kunnen overleven. Veel van onze leden halen die grens nu niet. Dat wil niet zeggen dat ze failliet gaan, maar hun geldschieters zullen ze adviseren om hun bedrijf te verkopen en bij een grotere firma in loondienst te treden."" Koninklijke Horeca Nederland (KHN) startte gisteren een imagocampagne op de Horecava. Door de forse prijsstijgingen die de horeca met de komst van de euro doorvoerde, hebben de Nederlanders een negatief beeld van de branche gekregen. KHN zal met de campagne 'de horec gastheer van de samenleving ! positieve kanten van de bedrijï tak onder de aandacht breng-: Met die positieve kanten bed» KHN bijvoorbeeld dat Nederlai sinds vorig jaar een re status; met drie Michelin-sterren he; (Parkheuvel in Rotterdam) ent 150.000 jongeren jaarlijks «j bijbaan vinden in de horeca. Ot rigens meent de werkgeversoa nisatie dat de prijsverhoging! 'puur uit lijfsbehoud' nod",Is about food
74,Is not about food,"'Maxima dol op patat' Delia Hernandes, voormalige hulp van de Zorreguieta's, heeft samen mettv-kok Lonny Gerungan een Argentijns receptenboek geschreven. Uiteraard maken niet zozeer de ingrediënten voor empanada's dit boek interessant alswel de verhalen over de jeugd van Willem-Alexanders vriendin Maxima. Den Haag - De Rijksvoorlichtingsdienst hoeft zich geen zorgen te maken. De vroegere huishoudhulp en kokkin van de familie Zorreguieta heeft meegewerkt aan een Nederlands boek en geeft deze week in Den Haag het ene interview na het andere, maar onthullingen over de mogelijke bruid van prins Wihem-Alexander debiteert de 55-jarige Argentijnse niet. Geen wonder ook, want Delia Hernandes is al twintig jaar bij de familie weg. Haar man werkte wel tot recent voor de Zorreguieta's, vertelt ze, maar helaas, Ramon is nou weer net erg gesloten. ""Hij vertelde nooit iets. Ja, hij was wel dol op Maxima. Op de hele familie trouwens. Jorge Zorreguieta is een goede werkgever en een vriéndelijk mens. Mijn man, die 37 jaar op de buitenplaats van de familie voor de polopaarden zorgde, was helemaal depressief toen hij drie jaar geleden met pensioen moest."" Delia Hernandes zelf is gesloten noch depressief. ""Prachtig, groots land, dat Nederland"", zegt ze gul na het zien van Abcoude en de Haagse Dennenweg. Toestromende verslaggevers kunnen rekenen op een stevige knuffel. ""Traditie, hè?"" Ach ja, Delia Hernandes herinnert zich de kleine Maxima nog goed. ""Het was eigenlijk een heel normaal meisje, spontaan en heel erg hef, maar niks speciaals, niet overheersend, een meisje als miljoenen anderen. Erg vrolijk. Geen opvahend feestnummer, nee dat niet, al ging ze wel graag naar verjaardagen en zo van andere kinderen."" Hoewel ze deel uitmaakte van de jetset van Argentinië speelde ze gewoon met de kinderen van het personeel. ""Al die kinderen groeiden eigenlijk samen op."" Haar eigen kinderen noopten Delia haar werk voor de Zorreguieta's te stoppen. ""Ik moest ze heen en weer brengen. Dat vergde veel",Is about food
75,Is about food,"Cengkeh ETEN Een buurvrouw met wortels in Sumatra maakte me attent op twee titels van de Indonesische schrijfster Numuk Tri Heriyati. De auteur is in Nederland terecht gekomen en heeft over haar belevenissen als buitenlandse 'Een uitje op de fontanel' en 'Spruitjes bij de sambal' geschreven (respectievelijk 2002 en 1994, Bzztöh, Den Haag). In het eerstgenoemde bundeltje komen ook recepten voor opgehangen aan één van de ingrediënten en vergezeld van persoonlijke bespiegelingen. Veel van de herinneringen van de auteur drijven op de geur van cengkeh, kruidnagel. De rook van de rokok keretek, zoete kruidnagelsigaretjes, is haar even lief als Chanel nr.5. Cengkeh zit ook in een favoriet oud gerecht, sarikaya, 'een soort pudding met eieren en kokosmelk', met tandentrekkend veel suiker. Zelf aromatiseert ze gestoofde vruchten als banaan en ananas met zo'n keihard, geurig 'nageltje'. Ik geef u graag de sop buntut door, ossenstaartsoep met kruidnagel, naar recept van haar moeder. 2 fijngesneden uitjes; 2-3 fijngesneden teentjes knoflook; een scheutje olie; 1-2 verse tomaatjes; 1 in stukken gesneden ossenstaart; 2 kruidnagels; 2 plakjes gemberwortel; 1 theelepel witte peper; een snuf zout; heet water; enkele stukjes gesneden wortel; 1-2 gesneden preien. Bak de uitjes en knoflook glazig in de hete olie. Voeg de tomaatjes in hun geheel toe en roer even. Doe de ossenstaartstukken erbij, roer opnieuw. Voeg kruidnagels t/m zout toe en laat dit enige tijd pruttelen tot het sap uit het vlees vloeit. Voeg dan heet water toe tot het vlees onderstaat. Laat de soep 30-45 minuten afgesloten zachtjes doorkoken. Voeg wortel en prei toe en laat dit 5-8 minuten zonder deksel meekoken. (Suggestie voor 'toe'; in boter of olie gebakken pisang, bestoven met wat gemalen kruidnagel en voorzien van enkele meegebakken gehalveerde gekonfijte gemberbolletjes). Selamat makan! Alma Huisken",Is about food
155,Is not about food,"Delftsblauw in de kampong WERELDREIZIGSTER Mathilde Boersema (23) reist voor het Algemeen Dagblad een halfjaar over de wereld. Ze wordt gestuurd door de lezers: u kunt haar volgende opdracht bepalen op www.ad.nl/wereldreis . Ze is nu onderweg naar Bangkok na een weekje op het Indonesische eiland Sumatra. M oedendag mevrouw. • f _ Kan ik u helpen?"" De medicijnmannen schijnen tot leven te zijn gekomen. Vanuit het niets beginnen de houten beelden in de toko te spreken. Als ik een blik achter de toonbank werp, zie ik de buikspreker. Zittend op de grond, knutselend aan houten latjes. ""U spreekt goed Nederlands"", is mijn eerste reactie. ""Ja mevrouw, dat heb ik op school geleerd."" Op mijn vraag of hij even tijd heeft om te praten, klautert de man overeind. ""Kom maar mee. Dan gaan we even zitten."" De toko blijft onbemand achter als de heer J. Sirait (76 jaar) me meeneemt naar achteren. Naar het balkon waar twee rode stoelen op bezetting wachten. De zittingen hebben meer scheuren dan stof, maar het uitzicht over het grootste kratermeer ter wereld is formidabel. ""Ik ben nog de enige hier die Nederlands spreekt. De anderen zijn allemaal al overleden."" Ja, dat heb ik gemerkt. Gisteren de hele dag over Samosir gescooterd, van 'kantor pos' tot 'polisi', maar geen oudere Batakker te vinden die mijn taal begrijpt. Tussen de rijstvelden voelde ik me net een medewerker van Vermist. Eén hoteleigenares zou nog Nederlands spreken, maar zij is een paar dagen van het eiland. Dan maar met de boot naar Parapat, de kampong aan de overkant. ""Ik heb zeven jaar op de Christelijke Hollandse Inlandse School gezeten. Daar leerden we de taal. We vierden zelfs de verjaardag van de koningin. Rood, wit, blauwe kleuren en we zongen het Wilhelmus."" Feilloos worden de geboortedata van heel het Koninklijk Huis genoemd. Die werden er goed ingepeperd, destijds. De heer Sirait vertelt over het 'Hollands programma' op school. Eén kwartier voor straf op één been staan. Of wat te denken van 1000 regels 'Ik moet",Is not about food
32,Is about food,"Oude snoep in nieuwe zakken RIJSWIJK Het lijkt even over te zijn met het vernieuwde designsnoepgoed. In de rekken van winkels en tankstations ligt steeds meer oud-Hollands snoepgoed en het houdt voorlopig nog niet op. Vooral de HEMA strooit steeds meer zoete nostalgie over ons heen. ""De mens will,en weer smaden van vroeger proeven"", zegt F. Swart van voedsel- en adviesbureau Innovaction. Zoethout, zwart-wit puntzakken, dropveter, kaneelstokken, ëetpapier, salmiak bollen, kaneelhompen en zelfs een doe-het-fcelfpakketvoordropwater; voor Innovaction is het allemaal neo-retro. ""De opkomst van het oude snoepgoed heeft alles te maken met de hang naar nostalgie als tegenbeweging van al het industriële. Mensen willen niet alleen de smaak ervan weer proeven, maar ook de waardes zoals puur en ambachtelijk weer ervaren"", aldus Swart. Ineke Strouken van het Nederlands Centrum voor Volkscultuur stelt dat mensen überhaupt steeds meer geïnteresseerd raken in eten in het algemeen. Op die manier willen zij het verleden hervinden en beleven. Dat de zoektocht naar het verleden onder meer loopt langsde lijn van het eten, heeft volgens Strouken te maken met het gegeven datje tradities uit je jeugd het best kunt beleven aan de hand van smaken. ""Daarin blijven die herinneringen het langst hangen. Snoepgoed werkt dan heel direct en met oud-Hollands snoepgoed kun je weer in je jeugd stappen."" De HEMA heeft inmiddels tientallen varianten in haar assortiment Old Dutch, een serie die vorig jaar op de markt is gebracht. Toen het warenhuis in eerste instantie met een paar artikelen oud snoepgoed op de markt kwam, werd dat al snel een succes. Old Dutch is nu verder uitgebreid met een eigen verpakkingslijn, de roze gebreide stof met losse steekjes. ""Het verwijst naar de Hollandse gezelligheid"", aldus Gerson van Eek van de HEMA. Het warenhuis heeft Old Dutch niet op de markt gebracht vanwege de trend naar oud-Hollands snoepgoed, maar puur omdat het indeformulevandeHEMApastdie aansluit bij Hollandse",Is about food
77,Is about food,"Rotterdamse nuchterheid in topkeuken De beste kok van Rotterdam, Cees Helder (52) van restaurant Parkheuvel (2 Michelinsterren), heeft gisteren zijn eerste boek gepresenteerd. Een boek zonder opsmuk en ijdeltuiterij, want dat is de eigenaar/chefkok vreemd. ""Rosalie en ik doen niet mee aan het kookcircus, wij willen gewoon lekker koken voor onze gasten."" - Door Karin Kuijpers Rotterdam - Cees: ""Ik mag dan introvert zijn, maar ik ben natuurlijk wel apetrots op dat boek. Rosalie en ik hebben het al heel lang willen maken. Het kwam er niet van, totdat het van ons allebei moest. En dan ga je. Bij elk recept wilde ik een foto. Je moet je doel kunnen zien. En dan niet zo'n droomfoto waarbij je eigen gerecht altijd tegenvalt. Nee, gewoon een foto van het echte gerecht geschoten bij daglicht en zonder kleurstoffen en andere trucages, om dingen mooier te maken."" Rosalie: ""Een boek is een andere invalshoek. Cees doet heel veel dingen automatisch. Nu moest hij zich bewust worden van hoeveel gram dragon hij eigenlijk bij een gerecht doet."" Cees: ""In ons boek tref je niet op elke bladzijde een foto van mij aan. Cees Helder zie je alleen aan een truffel ruiken in Italië en vissen in Schotland. Rosalie en ik willen niet mee doen aan de zelfverheerlijking van het mediakookcircus. Als ik zou willen, zou ik me elke dag ergens kunnen presenteren, maar ik Wijfliever in mijn zaak. Zestig, zeventig uur per week. En dat is helemaal niet erg wanneer je je werk leuk vindt. Want al treed ik niet graag op de voorgrond, ik kan wel uitbundig koken."" Rosalie: ""Onze keuken heeft een eigen gezicht en een gedegen onderbouw. Cees is geen trendsetter, maar wel constant bezig zichzelf te vernieuwen."" Cees: ""Nederland kent geen trendsetters op kookgebied. De jonge koks die vernieuwend bezig zijn, halen hun voorbeelden uit het buitenland. En dat bedoel ik niet negatief, hoor. Want ze doen er leuke dingen mee, maar ik hoef dat niet zo. Deze zomer hebben we bij El Bulli gegeten, een eettempel in Spanje. Ve",Is about food
110,Is about food,"Hotels EK-teams Waar verblijven de elftallen in Nederland en België? Golden Tulip Résidence Victoria in Hoenderloo Nederland j Aankomst: 6 juni Oefenveld: Op het hotelterrein. Veiligheid: Terrein midden in het bos geheel door hekwerk omgeven. Eten: Internationale keuken in buffetvorm, behalve op wedstrijddagen. Kamers: 104 kamers, 55 voor Oranje, rest voor vaste gasten. Bijzonderheden: Spelers hebben ieder eigen suite; voorde deur ligt kunstgrasveldje met mini-doeltjes. Holiday Inn Royal Pare in Soestduinen Slovenië 1 j Aankomst: 6 juni j Oefenveld: FC De Bilt 1 Veiligheid: Midden in de bossen; laag risico Kamers: Helft hotel bezet door Slovenen Eten: Op verzoek spelers internationale keuken in buffetvorm. Bijzonderheden: Hemel en aarde is bewogen om spelers te plezieren met ontvangst van Sloveense tv-uitzendingen. Zweden Aankomst: 4 juni Oefenveld: Taxandria Veiligheid: Een bewaker is meer dan voldoende. Eten: Spelers willen internationale keuken, maar wel smargasbord. Kamers: Zweden bezetten 40 van de 83 kamers. Bijzonderheden: Zweden liggen ouderwets met twee man op een kamer. ©Algemeen Dagblad 230500 / MK Bron: Eurozooo, Het Nieuwsblad Spanje Aankomst: 4 juni Oefenveld: velden W Tigïteja. Veiligheid: Kasteel is omgeven door slotgracht en slechts toegankelijk via twee poorten. Daarom goed te beveiligen. Kamers: Kasteel (66 kamers) is exclusief verhuurd aan Spaans team. Eten: Spanjaarden hebben groot vertrouwen in kookkunst chefkok. Bijzonderheden: Spanje is overtuigd de finale te halen; Holtmühle is tot 2 juli gehuurd. UUILbld'IU Aankomst: 8 juni Defenvelden: Lemiers (op 2 km ifstand) en Kaalheide in Kerkrade. ledigheid: Terrein rond kasteel mag •an Duitsers geen vesting worden. Kamers: Duitsers bezetten 80 van de 130 kamers. Eten: Chefkok mag zijn gang gaan, na overleg met voedingsadviseur Imhoff Bijzonderheden: Nog kamers vrij. Wel is hotel gesloten voor Bild Zeitung en andere verslaggevers. Bij boeking moet kopie paspoort worden gefaxt. Denemarken Aankomst: 5j",Is not about food
37,Is about food,"Voor echte principes moet zelfs Fristi wijken Door Karin Wolfs Nijmegen - Wat hebben zangeres K.D. Lang, acteur Martin Sheen en zanger Bryan Adams met elkaar gemeen? Dat ze geen leren schoenen dragen, milkshakes categorisch afslaan en nooit een vlieg kwaad zullen doen. Lang, Sheen en Adams willen een leven dat uitbuiting van dieren onnodig maakt: ze zijn veganisten. Ze eten geen vlees, drinken geen melk, nemen nooit een eitje bij het ontbijt of honing op hun brood. Ook leer en zijde zijn taboe. Veganisten weigeren alle dierlijke producten. Overmorgen is het Wereld Veganisme Dag. Afgelopen weekeinde is daarop alvast een voorschotje genomen met een veganistisch diner in politiek café De Klinker, op de benedenverdieping van een Nijmeegs kraakpand. In Nederland zijn naar schatting 20.000 veganisten. Marcel is een van hen. Sinds een jaar of drie controleert hij alle etiketten op dierlijke ingrediënten. ""Na een jaar weet je wat je wel kunt eten en wat niet"", vult Peetje Lanser (37) aan. Hij is hier vanavond namens actiegroep Alle Dieren Vrij om twee filmpjes te laten zien over veganisme. Maar praktisch niemand in De Klinker is speciaal voor zijn verhaal gekomen. De meesten kennen het al en zijn hier voor de wekelijkse goedkope hap. Terwijl Marcel beneden in de keuken in een enorme pan tomatensaus roert voor zo'n 60 man, schrijfleen meisje het menu van vanavond alvast op een bord. Na de pompoensoep volgt rijst met twee salades en loempia's gevuld met groente. Het toetje is een dikke plak kruidnotenkoek met vanillesaus. Drie gangen en een drankje voor minder dan een tientje. Tot Het zo ver is, schenkt de bar alvast perensap en ekobier. Janneke (34) en Peter (31) zijn vegetariër, vertellen ze tussen twee happen salade door. Veganist worden vinden ze allebei een brugte ver. Janneke houdt te veel van yoghurt en kaas. Peter is bang dat het te duur is en te veel tijd kost. Hun tafelgenoot Theo (53) is wel veganist, maar hij geeft toe dat hij wel eens 'zondigt'. ""Ik neem wel eens",Is about food
157,Is about food,"Alain Passard DE STIJL VAN... Alain Passard van restaurant 1'Arpège in Parijs is de enige drie-sterrenkok die alleen groenten kookt. 'Zelfmoord' riepen zijn collega's toen hij ermee begon, maar Passard trekt dagelijks volle zaken. U vraagt 50 euro voor een gerecht met een bietje. Waarom betalen uw gasten zo'n bedrag? ""Mijn gasten begrijpen waar ik mee bezig ben. En 50 euro voor een bietje is geen woekerwinst. Want die biet komt niet van de groothandel uit Rungis, maar uit mijn eigen tuin in La Sarthe waar ik drie tuinmannen in dienst heb. Maarsoeuro... ""De geur en de smaak van mijn biet zijn niet te vergelijken met een doorsnee biet. Dat zijn echt twee verschillende dingen."" U bent beroemd geworden als rotisseur, maar twee jaar geleden stopte u met vlees. Waarom? ""Ik verveelde me in de keuken. Groenten en kruiden geven zo'n serene keuken, daar kon ik mijn passie weer in kwijt. Een radijs, een aardpeer, een wortel; ik gebruik alles, het blad, de stengels, om de smaken te vangen. En die dan combineren met volle wijnen, heerlijk."" Beroemde collega's als Paul Bocuse noemden uw overstap zelfmoord. ""Ach, zelfmoord pleeg je als je ziek in je hoofd bent zoals BernardLoiseau. Maar voor mij is het een logische stap in mijn ontwikkeling. Ook al zou me dat sterren kosten, ik kan niet anders."" Wat draagt een drie-sterrengroente-chef in de keuken? ""Hetzelfde als alle andere chefs in de wereld. Wit."" Geen gouden manchetknopen op uw koksjas? ""Ben je gek, het is hier geen circus. Mijn gouden manchetknopen vind je op het bord."" En wat voor schoenen draagt u ? ""Bergschoenen. Goed tegen gladde vloeren. Veel collega's dragen moccasins, maar die zijn mij te netjes'."" Wat draagt u in uw vrije tijd? ""Levi-jeans, een overhemd of een trui en die bergschoenen."" U heeft als beroemde grote stadschef toch wel uw eigen kleermaker? ""Voor herstelwerkzaamheden ja, maar ik ben geen vaste klant bij Yves Saint Laurent als u dat bedoelt. Liever shop ik bij warenhuis Au bon Marché. Armani, Cerruti, Yamam",Is about food
121,Is not about food,"EN VERDER... IfclUH Man bijt hond Nederland 1 - De 76-jarige meneer Munter uit Rotterdam is gek op katten. Al ruim 30 jaar schildert hij deze dieren, zijn huis hangt vol met schilderijen. Verder een gesprek met een Marokkaanse jongere die een opleiding volgt voor redasseringmedewerker. ►hm Andere tijden Nederland 3 - Aandacht voor de rock-'n-roll in Nederland. Een reportage over de groep de Fouryos, een vergeten bandje dat eind jaren 50 een talentenjacht won. De succesnummers van de band waren Spijkerbroek en Loop-theLoop. Nationale Nieuwsquiz Nederland 1 - Vanavond wordt wederom gestreden om de titel Nationale Nieuwskenner 2003. Deze keer spelen de Rotterdammers tegen Amsterdammers. Het Amsterdam-team: Appie Baantjer, Frans Molenaar en Jan Rot. Zij nemen het op tegen Ge- rard Cox, John Buisman en Frédérique Spigt. ►**H1 Barend & Van Dorp RTL 4 - Aan tafel zitten documentairemaker Frans Bromet en de bestuurders van de Nederlandse zonnewagen die vorige week de race World Solar Challenge wonnen in Australië. De muziek is afkomstig van de Britse popband Starsailor. ►kKtH Born2Cook Net 5 - Kok Ramon Beuk bereidt vandaag een Soul Foodmaaltijd, zonnig en exotisch eten. Hij kookt voor actrice en cabaretière Jetty Mathurin. Ze krijgt een uitgebreide diner voorgeschoteld uit de Surinaamse keuken. Vï%y\ Import Nederland 3 - Documentaire over (voormalige) politiek leiders van Israël. In dit eerste deel wordt het leven van Moshe Dayan onder de loep genomen. Hij wordt beschouwd als de held van de Zesdaagse oorlog in 1967.",Is not about food
22,Is about food,"Vergaande liefde voor vaderlandse eetcultuur De wereldkeuken is te vinden op iedere hoek van de straat. Nu de Nieuwe Nederlandse Keuken nog. Ellen Scholtens ontdekte in Den Bosch de biologische bitterbal. Voor Bossche begrippen is het een vooruitstrevend project: een restaurant waar uitsluitend wordt gewerkt met Nederlandse produkten, bij voorkeur biologische. Niet in hartje stad, maar aan de achterkant van het station. Op een afgelegen terrein, in het gloednieuwe Paleiskwartier, ligt PuntNL; het huisrestaurant van het Stedelijk Museum 's-Hertogenbosch (SM's). Rolmopjes van makreel, rode kool met grootmoeders stoofvlees en crème brulée van griesmeelpudding met bessensap. Tijdens borreltijd liggen de 'happy hour hapjes' in een oerhollandse automatiek - op een prominente plek in het industriële complex uit de jaren vijftig. Het museum zorgt gelukkig voor voldoende toeloop, constateert Albert Kooy, bedenker en culinair adviseur van PuntNL. De meesterkok, tegenwoordig hoofd horecaopleidingen aan het naburige Willem ICollege, zegt uitgekeken te zijn op de luxe restaurants die hij zo goed kent. Hoogdrempelig vindt hij ze, en saai: ""Let maar eens op: alle menukaarten zijn hetzelfde. Het is alleen maar tarbot, ganzenlever en truffel dat de klok slaat."" Kooy, die heeft gewerkt in sterrenrestaurants, maar ook in het toegankelijker Café Rotterdam, is de vaandeldrager van de Nieuwe Nederlandse keuken. Zijn credo: elke zichzelf respecterende kok zou moeten werken met produkten van eigen bodem. Maar dan wel doorspekt met buitenlandse invloeden, 'want dat is de geest van deze tijd'. De keuken is om die reden ingedeeld in verschillende kooktechnieken. Er is een koude-, een barbecueen een wokkeuken waar a la minute krpkante vegetarische hachee wordt bereid; met ketjap, bietenpickels en hete bliksem. Kooy gaat ver met zijn liefde voor de vaderlandse eetcultuur. Op de kaart staan uitsluitend Nederlandse gerechten die zijn bereid met Nederlandse producten. PuntNL serveert uitsluitend N",Is about food
86,Is about food,"Haringspiesje van René ETEN Koks staan elk jaar weer voor de opgave 'iets origineels' met de Hollandse Nieuwse te doen. Soms worden ze daarbij niet alleen door hun klandizie, maar ook door anderen uitgedaagd. Recent vond de uitverkiezing plaats tot 'Haringmaster 2002', een competitie georganiseerd door het Nederlands Visbureau en Hanos, een groothandel voor de horeca. Uit 13 inzendingen werd het'haringspiesje' gekozen, een inzending van René Bosch van hotel-restaurant Paping in Ommen (en daar inmiddels volop geserveerd). Trouw aan zijn Oosterse thuishaven verwerkte hij er Ommer kruidcake in. (Suggestie: geef dit recept een eigen, plaatselijke toets door kruidcake uit uw stad of regio te gebruiken. Dat moet geen probleem zijn: bijna elke gemeente of streek in Nederland gaat prat op gekruid, luchtig baksel van eigen makelij). Het winnende recept heet voluit: 'Hollandse Nieuwe geserveerd aan een Rozemarijnspiesje' en wordt begeleid door een tartaartje van venkel, Hollandse Nieuwe en bosui, waarbij stukjes gedroogde Ommer Cake en Korenaar asperges. Per spies: 1 Hollandse nieuwe; 1 takje verse rozemarijn. Leg de haring neer, verwijder de staart en 'zigzag' hetrozemarijtakje erdoor. Voor het tartaartje: 40 gram in dobbelsteentjes gehakte venkel: 2 bosuitjes, in kleine ringetjes gehakt; een halve Hollandse Nieuwe fijngehakt; 1 druppel olijfolie; 1 druppel Pemod; peper en zout. Blancheer venkel en ui en maak er met haring, olie, peper en zout een tartaatje van. Voor de garnering: 1 plak (Ommer) kruidcake; 3 korenaarasperges (zeer dunne). Blancheer de asperges kort in aspergevocht of water met zout. Droog de cake in de oven op ± 100 °C tot hij knapperig is en serveer met asperges, haring en tartaar. Happen maar. Alma Huisken",Is about food
146,Is about food,"Gierig, arrogant, luidruchtig In de ogen van Vlamingen zijn Nederlanders gierig, arrogant en luidruchtig. De clichés kloppen, concludeert de V|^|nse journalist Steven de Foer in zijn boek 'Onder Hollanders'. Vijf Holanders dienen hem van repliek. Door Joris van Poppel Rotterdam - Premier zijn in Nederland is een droombaan, denkt Steven de Foer. Ondanks Srebrenica, Enschede en Volendam blijven Nederlanders denken dat het nergens beter is dan in eigen land. De premier wordt als vaderfiguur gezien, hoe koel en arrogant hij ook is. Steven de Foer houdt, anders dan de meeste Belgen, zijn kritiek niet voor zichzelf. Hollanders zijn arrogant en chauvinistisch, al zullen ze dat niet snel toegeven. Vooral wanneer het Nederlands elftal speelt, voelen ze de behoefte hun trots luidruchtig te uiten. Ze zijn ervan overtuigd dat ze de beste zijn. Nog voor de kwartfinale van het EK was gespeeld, was al bekend waar de Oranjespelers zouden worden gehuldigd. De afgelopen drie jaar, toen De Foer werkte als correspondent in Nederland voor de Vlaamse krant De Standaard, zag hij de clichés alleen maar bevestigd. Gierigheid kenmerkt de Nederlander nog steeds, volgens De Foer, al gebruiken ze zelf een mooier woord: zuinigheid. De Nederlander wil geen cent te veel betalen, zelfs niet voor een kwaliteitsproduct. Een Belg schaamt zich als hij bij de Aldi wordt gezien. Een Nederlander haast zich er naar toe voor een mooie aanbieding. Of hij vecht zich een weg naar de aanbiedingen bij de Bijenkorf op de Drie Dwaze Dagen. Die zuinigheid blijkt ook uit de armoedige eetcultuur van de Nederlanders. De Foer kan amper geloven dat 62 procent van de Nederlanders zijn eten prakt. Hutspot en boerenkoolstamppot zijn volgens hem niet lekker, maar slechts goedkope maagvulling. Een Kwekkeboom-kroket is in Nederland een culinair hoogstandje. Positief vindt De Foer dat Nederlanders een volk van wijsneuzen zijn, die durven te dromen. Ze hebben overal een mening over en zijn graag haantje de voorste. Voor veel la",Is not about food
9,Is about food,"Stoofpotmelange Het massiefeikenhouten kruidenrek hangt allang niet meer in elke keuken. Het is uit. De gedroogde kruiden daarentegen niet. De spectaculaire groei in de kruidengroei mag dan voorbij zijn, dat geldt niet voor de gespecialiseerde kruidenen specerijenmengsels. • Die ontwikkeling zat er trouwens al aan te komen. In een enigszins gedateerde Drocnure van McCormick staat nog een zwierig opstelletje van eneWina Born. ""De kunst van het koken met kruiden is een spel dat wat fantasie vereist, wat durf en improvisatietalent."" Maar in hetzelfde foldertje staan tevens enkele mengsels waaruit blijkt dat we in het vervolg lef en improvisatietalent aan de fabrikant künnen overlaten. En daar zijn ze dan, kant en klaar bij elkaar gefantaseerd: de mengsels voor kip, gehakt, voor vlees en vis, voor bakken en braden. Maar ook de sla- en appeltaartkruiden, de Italiaanse kruiden, de Chinese en de Provencaalse. Watje dan binnen krijgt, is veelal moeilijk te achterhalen. In een potje gedroogde peterselie zit gedroogde peterselie. Makkelijk zat, daar is niets geheimzinnigs aan. Maar wat zit er in zakje runderstofpotkruidenmelange? Daarbij komt toch het nodige giswerk kijken. De kruidenmengers hoeven namelijk volgens de Warenwet hun geheimen niet prijs te geven. Ze moeten slechts 'zoveel mogelijk' vermelden. En dan komen we behalve uiteraard suikers (we kunnen blijkbaar niet meer zonder), zout en soms zelfs paneermeel tegen. En ook MNC, mononatri- umglutamaat, wil er nogal eens inzitten. Maar als die smaakversterker op het etiket staat: het goedje mooi laten staan. Het blijft riskant spul, M NG. Het kan leiden tot allerlei allergische reacties, hoofdpijn en ander ongerief. Hoogdravende kookboeken schrijven soms quatre épices voor. Mocht dit wat chique mengsel niet kant en klaar verkrijgbaar en klaar verkrijgbaar zijn, dan volgt hier het geheim: 25 delen witte peper, 2 kruidnagel, 6 gemberpoeder en 8 nootmuskaat. Droog malen en goed mengen. Een andere bekend mengsel is kerriepoe",Is about food
11,Is about food,"'Kliek jesdagen' tegen de afvalberg Door Marieke Henselmans Amsterdam - Een gemiddeld Nederlands huishouden gooit jaarlijks tussen de 110 en 165 kilo aan eten weg. Goede raad is dus goedkoop: gewoon nog iets lekkers maken met al die restjes. Dat doet Lydia Tuijnman in haar Kliekj eskookboek. Zij raadpleegde haar moeder en een flink aantal ouderwetse kookboeken. Ze prij st de vrouwen die meerdere oorlogen meemaakten, en weinig gehoor vonden als ze hun handige besparende tips aan de volgende generatie wilden doorgeven. Jarenlang kon het immers niet op, en als het niet op was, kon het wel weg. Tuijman heeft de kliekrecepten van vroeger aangepast aan de moderne kruidige smaak. De kok met gevoel voor restverwerking moet een aantal dingen (bladerdeeg, eieren, uien en zin om veel te snijden) altijd in huis hebben. 'Koop niet te veel!', tipt Tuijnman, en neem kippen, geiten of honden als huisdier. Hierna volgen zo'n 150 recepten. Van restj esvlees maken we ragout, kroketten, een hartig flapje, een pasteitje, paté, een hartig broodje, salade, omelet, pannenkoek, ovenschotel, pizza of soep. Van brood paneermeel, soepballetjes, croutons, toast, koekjes, broodpap, wentelteefjes, broodschoteltje, hartige taart, spoedpizza of pudding. Een recept voor ragout van 300 gram restjes kerstrollade of ander vlees: Nodig: 40 g boter, 30 g bloem, i,5dlmelk,o,5dlroom,i bouillonblokje, zout, peper, nootmuskaat en een eierdooier. Je maakt het zo: Smelt de boter in een pan met dikke bodem, laat ze niet te bruin worden. Roer de bloem erdoor en na 2 minuten roeren de melk, de room en het bouillonblokj e. Roer na 10 minuten zacht doorkoken het fijn gesneden vlees de kruiden en eierdooier door de saus. Als de saus dikker is dan vla: nog wat melk erbij. Verschillende registers (op gerechtnaam en op kliekje) maken het opgewekt geschreven boek compleet. Kliekjeskookboek van Lydia Tuijnman, Uitgeverij Het Spectrum, € 12,95",Is about food
43,Is about food,"Thuis restaurantje spelen Het einde van het terrasseizoen is in zicht. We gaan weer binnen eten. Bij een amateurkok thuis aanschuiven en mee-eten is een van de nieuwe trends deze winter. Net of je met je vrienden zit te eten, alleen betaal je ervoor. Door Inez van der Linden Bergen - ""Red je écht half zeven? Anders kom ik in de knoop met mijn gerechten"", vraagt Marijke Kingma een beetje bezorgd als ik bel. Ze is interieurstylist en kookt zo drie, vier keer per maand voor vreemden. Ik kan volgende week woensdag bij haar terecht. Het Hemelse Gerecht van Marijke is een aanschuiftafel. Geen restaurant dus waar u naar eigen wens kunt bestellen, maar bij haar thuis mee-eten wat de pot schaft. Huisregel: wel van tevoren reserveren, en doorgeven wat u niet mag of echt niet lust. Het fenomeen aanschuiftafel, table d'höte of huiskamerrestau- rant leidt in Engeland en Frankrijk een bloeiend bestaan. In Nederland zijn er ook wel zulke gastvrije huizen, maar op veel beperktere schaal. Hoeveel er zijn is onduidelijk. Ze zijn vrij moeilijk te vinden. Zo verwijzen viavia-aanbevelingen niet zelden naar inmiddels opgedoekte gelegenheden. Vaak verdwijnen ze na een paar jaar, meestal omdat de initiatiefnemers vonden dat ze er meer energie in stopten dan er uit haalden. Amateur-koks die thuis gasten ontvangen doen dat namelijk voor de lol: Ze koken met zorg en liefde. De meeste van hen hebben maar één tafel, voor de rest is er geen standaardformule. U kunt eten in een serre in bosrijke omgeving of in een beeldhouwatelier. Maaltijden en inrichting variëren van gezellig kneuterig, tot biologisch of'op chique'. Dit alles tegen kostprijs. Maar dat zegt natuurlijk niets. Eet u bij de een uw buik vol voor € 25,-, bij een ander moet u vijf keer zoveel betalen. Het verschil zit 'm, behalve in het eten, in extra's als live muziek, theater tussen de gangen door, een vinoloog die uitlegt geeft over de wijnen of speciale bediening. Op naar schildersdorp Bergen (NH), op culinair avontuur in Het Heme",Is about food
80,Is about food,"In de voetsporen vanJamieOliver Door Albert Kok Am ste r dam - Er is hoop voor werkloze jongeren - op voorwaarde tenminste dat ze een aardig potje kunnen koken. Niet alleen kunnen ze zich gratis en voor niets te laten opleiden tot professionele keukenprins, ook krijgen ze in een moeite door de kans om televisieroem te vergaren. En dat allemaal dankzij een Nederlands initiatief dat is afgeleid van een concept waarmee in Engeland Jamie - Naked ChefOliver furore heeft gemaakt. Honderden jongens en meisjes hebben zich op deze donderdagmiddag verzameld in een nog geheel kale ruimte aan de Oostefijke Handelskade in Amsterdam. Ze zijn ijverig in de weer met inschrijfformulieren. Moeten onder meer invullen wat de eerste maaltijd was die ze zelf hebben gekookt en hoe het voelde om dat op te dienen. Voor Rik (18) zal het nog niet meevallen om op die vraag een smakelijk antwoord te formuleren. Macaroni heeft hij wel eens gekookt; daarbij is het tot nu toe gebleven. ""Tja"", reageert hij, ""daarom ben ik juist gekomen om dat allemaal te leren. "" Of het deze aspirant-kok zal lukken om tot de uiteindelijke opleiding en het bijbehorende tvprogramma door te dringen, valt te betwijfelen. Menig kandidaat blijkt zich namelijk al goed thuis te voelen tussen de potten en pannen. En er is slechts ruimte voor in totaal 15 leerling-koks. Zij krij gen het komende naj aar een opleiding in de keuken, waarbij ze onderweg worden gevolgd té door een filmploeg die namens Net5 een reality-soap komt maken. Onder de aanstormende talenten bevinden zich verhoudingsgewijs veel meiden. Is koken op niveau geen mannenzaak meer dan? Leona (23) en Tafat (22) vinden van niet. ""De tijden veranderen hè"", meldt Tafat gevat. ""Daar komt bij "", weet Leona, ""dat er meer meisjes dan jongens kijken naarkookprogramma's."" Kijkt omzichheen: ""Kennelijkwerkt dat aanstekelijk."" Fifteen Amsterdam, zoals de titel van het project luidt, is afgeleid van Fifteen London, waarmee het Britse kookwonder Jamie Oliver intussen met de de",Is about food
70,Is about food,"Mario's paradijs in de Beemster ADI Hotel |- AD Reizen selecteert en probeert wekelijks een sfeervol hotel, op zoek naar net dat beetje meer. WIJDEWORMER Mario Uva Ristorante, Hotel, Trattoria Neckis 1456 AA Wijdewormer 0299 423949 www.mariouva.nl tweepersoonskamer met ontbijt vanaf/180 (€81,61) waarom Intiem overnachten in een culinair paradijs aan een ringvaart in de Beemster. Eigenaar Mario kreeg begin dit jaar als eerste Italiaans restaurant in Nederland een Michelinster. Boven op de dijk in Wijdewormer, onder de rook van Purmerend, staat het restaurant dat ooit het dorpscafé van zijn schoonvader was en is geopend van dinsdag tot en met zaterdag. Onder de dijk is de trattoria, geopend van woensdag tot en met zondag, waar je wél een kaart krijgt. De kamers bevinden zich in het hoofdpand op de dijk. Kamer Mario heeft van dinsdag tot en met zaterdag vier kamers in de aanbieding. Voorwaarde: alleen overnachten als je er ook dineert. De twee 'gewone' zijn qua omvang de helft van de twee suites, die verde (groen) en azzura (blauw) zijn. Een suite kost f 240 (€108,91) voor twee personen. Een vorstelijke kamer vol hout en riet en met twee tweepersoonsbankjes, tv (zonder teletekst), telefoon en een fors bureau. Volop mogelijkheden om de kamer sfeervol te verlichten. En een heel groot bed. Badkamer Modem ingericht met wit als overheersende kleur. Niet alle faciliteiten (bijvoorbeeld een föhn) aanwezig. Volop handdoeken aan het rek. Douche-cabine met glazen deur afsluitbaar, dus geen overstromingen. Mooi bad. Druk op de knop en de warme bubbels roffelen op het lichaam. De Whirlpool ontspant na de magistrale maaltijd. Ontbijt Dat verzorgt Mario zelf. Als hij er tenminste is, want om de twee weken neemt hij de auto naar Aosta in de Italiaanse Alpen om weer alle ingrediënten in te slaan. Maar indien aanwezig: gaat u maar zitten, de maestro slooft zich uit. Vers geperst sinaasappelsap, de broodjes bakt hij snel zelf en het beleg is subliem met onder meer kaas, ham en salami. E",Is not about food
108,Is not about food,"Fort Hoek van Holland speelt WOi na Door janet van der Vaart Hoek van Holland - ""Naar rechts richten! Op de plaats, rust!"", brult de kwartiermeester naar zijn rekruten. Lichting 04 van het Korps Pantserfort Artillerie mag de ondergrondse gangen van het Fort Hoek van Holland verkennen, maar niet dan nadat de exercitie achter de rug is. Het groepje van tien bezoekers staat er wat onwennig bij. ""Wat staat u daar met de handen in de zakken"", bast de kwartiermeester een oudere bezoekertoe. ""Sorry"",antwoordt die, ""ik ben nooit in dienst geweest."" De vrijwilligers van het fort zijn voor de gelegenheid gekleed in oude uniformen en getooid met sabels en grote grijze of zwarte nepsnorren. Zij stellen de diverse majoors, luitenants en officieren voor, maar ook een timmerman, een smid, een dokter, een kok en natuurlijk de mannen die het kanon bedienden ten tijde van de Eerste Wereldoorlog. Toentertijd konden 286 soldaten het een maand uithouden in het fort. ""Jullie zijn hier om de Waterweg te verdedigen"", zegt de kapitein in zijn welkomstwoord aan de kersverse militairen. Want Nederland was dan wel neutraal in de Eerste Wereldoorlog, het leger werd wel gemobiliseerd. Sommige bezoekers staan keurig in het gelid naar hun meerdere te luisteren, anderen gapen hem schaapachtig aan en gniffelen als ze tot de orde worden geroepen. Bij het bezoek aan de dokter wordt de situatie hilarisch. Eén van de kinderen van Dirk Hintzen uit Den Haag wordt op het matje geroepen. ""Heeft u al eerder gediend?"", vraagt de dokter aan het ventje van nog geen drie turven hoog. De groep barst in lachen uit. Gewapend met ohelampen en met een baret op het hoofd, dwalen de nieuwe rekruten uiteindelijk door het drie kilometer lange ondergrondse gangenstelsel. Grote delen van het fort zijn normaal gesproken niet toegankelijk voor bezoekers, wat de tocht wel spannend maakt. Bovendien is het donker, zijn de trappen steil en de plafonds hier en daar laag, dus het is bukken en uitkijken. ""Mag ik achter de lampenist",Is not about food
69,Is about food,"Zeeuwse mosselsoep? Eten Bij Het Spectrum verscheen 'Heerlijk Nederland' (39,50) waarin Catherine Keyl (en Willeke Lempens) De Leukste Adresjes van Nederland verzamelden, waaronder musea, horeca en 'fijne winkeltjes'. Vooral winkels zijn ruim vertegenwoordigd en sommige adressen liggen erg voor de hand, zoals de Scheveningse Pier, 'het beste adres om lekker uit te waaien'. Het boek is in een hupsakee-stijl geschreven: bij de Dedemsvaartse tuinen van Mien Ruys melden Keyl en Lempens dat de wereldberoemde tuinarchitecte - bekend om haar strakke lijnen haar 'kunstige groene vingers losliet' en moeten wij zorgen dat er ook wat 'ruyst' in onze tuinen. Het onderdeel 'regionale lekkernijen' omvat slechts een handvol recepten van lokaal bekende restaurants zoals het Rotterdamse Kerrie & Koriander, of OudHollandse specialiteiten. Ze zijn niet best. In de Zuid-Thaise dipsaus van Kerrie & Koriander met kennelijk al gereedstaande (eigengemaakte?) rode kerriepasta - spreekt men over een stengel laos. Verse laos is een forse, crème-roze wortel met grillige, dikke vertakkingen. Bedoelt men hier niet een stukje laos? Enkele centimeters? Of een stengel sereh (citroengras)? Bij 'Arnhemse meisjes' (koekjes uit Arnhem) volgt een bladerdeegrecept, terwijl de originele 'handgekneed' zijn. Het gortigst maken de dames het bij 'Zeeuwse mosselsoep', waarin de mosselen 'in ruim water een kwartier moeten koken'. Dat is alleen lekker als je van stukjes schoenzool houdt. Uitgaande van het gegeven recept: stoom 1 kilo mosselen 3 minuten in een grote maar lage, afgesloten pan op hoog vuur in letterlijk een bodempje water. Haal de mosselen uit hun schelpen. Houd ze apart. Smoor middelgrof gehakte groenten (bijvoorbeeld 1 peen, 2 uien, 1 prei, 1 kleine knolselderie, Spaans pepertje en wat peterselie) in een klontje boter en kook ze zo gaar als u wilt in ca. 1 liter mosselkookvocht en visbouillon (kanten-klare of verse). Voeg de mosselen toe en warm ze even door. Alma Huisken",Is about food
65,Is about food,"Bisols amb ceba Eten 'Een goede keuken is een ratjetoe', schrijft Juan Parra Marti in zijn onlangs verschenen kookboek 'De Valenciaanse volkskeuken'. Parri werd in Valencia geboren, werkt in Nederland (bij de Anne Frank Stichting) en is een hartstochtelijke kok. In zijn boek nam hij veel oude familierecepten op en dat betekent dat je hier niet op een varkenskop meer of minder moet kijken. Het bekendste gerecht uit de 'tuin van Spanje' is de paella en Parri legt in zijn voorwoord uit hoe schatplichtig deze schotel is aan de Arabieren, die immers saffraan en rijst in Spanje introduceerden. En dat is zijn 'ratjetoe': deze keuken is geïmpregneerd met invloeden van overal. Een rijst- of paellagerecht volgt vast nog eens, nu een aantrekkelijk recept van de grootmoeder van Parri's echtgenote: makreel met ui en aardappel uit de oven. Voor 4 personen. 4 makrelen van 200 gram per stuk; 1 deciliter olijfolie; 4 middelgrote uien, in dunne ringen gesneden; 4 grote aardappels, in flinterdunne plakjes gesneden; 3 teentjes knoflook, fijngehakt; peper, zout; 2 eetlepels fijngehakte peterselie; 2 eetlepels paneermeel; 1 klein glas geurige witte wijn; 5 deciliter visbouillon. Vraag of de visman- of vrouw de makrelen schoonmaakt, maar laat de kop zitten. Spoel ze af en dep ze droog. Verwarm de oven voor op 180 °C. Vet de bodem van een platte ovenschaal in met olijfolie en bedek deze met uienringen. Rangschik de aardappelplakjes er mooi bovenop en bestrooi met knoflook, zout en peper. Bedek ze weer met uienringen, enzovoorts. Vergeet niet elke laag met zout en peper op smaakte brengen. Leg de makrelen er bovenop en bestrooi dit met peterselie en tenslotte met paneermeel. Voeg wijn en bouillon toe: het vocht moet het bovenste laagje ui nog bereiken. Belangrijk: snijd de aardappels werkelijk heel dun, anders zijn de vissen wel gaar en de piepers niet. Alma Huisken",Is about food
15,Is about food,"Kipplukken en schotgaten Uit eten met kinderen is niet altijd een succes. Het eerste biologisch verantwoorde hotel-restaurant van Nederland weet raad, ontdekte Ellen Scholtens. Een Verboden voor ouders'-dag is nog niet van de grond gekomen; dat plan moet nog verder worden uitgewerkt. Maar het begin is er: op culinair gebied hebben kinderen het voor het zeggen op het Veluwse landgoed Rhederoord. In Nederlands eerste biologisch verantwoorde hotel-restaurant kunnen ze pretpizza's eten, naar eigen inzicht belegd met groente of fruit. En Bloody Fingers: een broodje kaas met zelfgemaakte ketchup. ""We hebben steeds vaker grote groepen te gast en partijen met kinderen,"" zegt eigenaar/kok Eric van Veluwen van het 12 hectare grote landgoed in het Gelderse plaatsje De Steeg bij Arnhem. ""De meeste mensen vinden dat best leuk, alleen willen ze geen last van hen hebben."" De pionier van de biologische haute cuisine, zoals hij wordt genoemd, bedacht een manier om kinderen lekker bezig te houden. ""In plaats van te eten wat de pot schaft, is het voor hen veel leuker om zelf de keuken in te gaan."" Krijgen hun ouders' gerechten als gekonfijte eend en vijgen met siroop van rode wijn en winterpostelein te eten, de kids kunnen hun eigen menu bereiden. Uiteraard liggen er ook ideële gedachten ten grondslag aan het kinderkookfestijn, zoals Van Veluwen zijn alternatief voor patat- kroket-appelmoes heeft gedoopt. Het is een manier om de allerjongsten kennis te laten maken met producten die nog echt smaak hebben. Wat dat betreft bevindt hij zich in een culinair walhalla: zowel vis, vlees, zuivel als groente en fruit zijn afkomstig uit de directe omgeving van het hotel-restaurant dat omsloten is door het Nationaal Park Veluwezoom. Als het even kan van het eigen landgoed. Van Veluwen, die twee jaar geleden met Rhederoord begon, werkt uitsluitend met verse, onbespoten en streekeigen producten. ""In een restaurant krijgen kinderen meestal frietjes te eten die hun ouders vervolgens zelf opeten. Dat ",Is about food
78,Is about food,"Gloeiend warm De ijsbloemen staan op de ramen en buiten is het ijzig koud. Binnen knappert het haardvuur en wacht de zelfgemaakte glühwein als lekkere opwarmer. Zelf maken isniet moeilijk! HOOR MARJOLEIN STRAATMAN Glühwein staat vooral bekend als *n drank die wintersporters opwarmt na een barre tocht over de Pistes. Toch drinken we ook in Nederland al van oudsher warme wijn. Bisschopswijn bijvoorbeeld heeft vrijwel dezelfde ingrediënten en wordt volgens de traditie geschonken op Sinterklaasavond. Kandeel, ook een warme en gekruide wijn, drinken we bij geboortes. Rode wijn vermengen met kruiden en specerijen werd al door de oude Romeinen gedaan, al gebeur< ,i de dat voornamelijk om de slechte smaak van de drank te verbloemen. ""Daarnaast werd het als medicijn gebruikt tegen allerlei kwalen en was glühwein al in de 17de eeuw ook bij apothekers verkrijgbaar"", vertelt Ria Donders van het Arnhems Wijnmuseum. Pruimen, rozijnen, vijgen, rozemarijn en saliebladeren waren enkele bestanddelen die de drank geneeskrachtig maakten. Zo zou een drankje van wijn en granaatappelpitten verkoudheid en verstopping bestrij den. ""Met uitzondering van Sinterklaasavond, drinken we thuis tegenwoordig zelden warme wijn. In v Oostenrijk daarentegen wordt glühwein het hele jaar door geschonken en daarom vermoed ik ook dat de oorsprong van het drankje daar ligt"", zegt Donders. Glühwein wordt volgens origineel recept gemaakt van eenvoudige wijn. Vooral krachtige ingrediënten zoals kruidnagelen geven de drank smaak, waardoor het gebruik van een simpel slobberwijntje dus is geoorloofd. Een zachte Spaanse leent zich er goed voor. Op het fornuis pruttelde de wij n vroeger in ketels, waarvan de tuit was dichtgemaakt met een prop papier. Hierdoor kon de alcohol niet verdampen en behield het mengsel zijn smaak. Een fles van de kruidendrank is voor een schappelijke prijs al in de betere slijterij te vinden, maar zelf glühwein maken is leuker en bovendien niet moeilijk. Het verwarmen van de wijn gaat het ",Is about food
84,Is about food,"Daube uit Tip ETEN Vandaag en volgende week een keuze uit de zomernummers van de grootste culinaire magazines van Nederland. Tip Culinair, als 25-jarige, opent de rij met daube, een stoofschotel (hier van lamsvlees) die je als de Fransen ook koud kunt serveren, met gegeleerde jus. De naam van de pan (daube) bleef hangen aan het gerecht, zoals vaker gebeurt, bijvoorbeeld bij marmite. Voor 4-6 personen: 3 eetlepels gemengde verse kruiden (peterselie, tijm, rozemarijn); 4 eetlepels olijfolie extra vergine; 3 knoflooktenen; peper en zout; 1 kg lamsbout, in 1 cm dikke plakken; 150 gram ongerookt buikspek, in dunne plakken; 3 kleine uien, in ringen; 2 a 3 middelgrote wortelen, geschild, in plakken; schil van 1 (onbespoten) sinaasappel; 2 (verse) laurierblaadjes; 2,5 dl lichte rode wijn; 2 dl runderfond; 2 eetlepels amandelen, grof gehakt. Tip geeft ook aan welke pan je behoeft: een daube! Een ruime braadpan met deksel, doorsnee ca. 26 cm. Verwarm de oven voor op 150° C. Maal kruiden, knoflook en olie tot een grove pesto, breng deze op smaak met peper en zout. Bestrooi het lamsvlees met peper en zout. Beleg de pan met een derde van het spek, verdeel daar ringen van 1 ui over, waarop enkele plakken lamsvlees en daarop een laagje pesto. Vervolgens gaan er wat wortelplakken op en de helft van de sinaasappelschil. Doorstapelend: nu een derde van het spek, met een laurierblad, opnieuw ui, lamsvlees en kruiden. Blijf dit doen met alle resterende ingrediënten, eindig met spek. Giet wijn en bouillon bij de daube, sluit de pan, zet hem in het midden van de oven en stoof het vlees in 2,5 uur gaar. Verwijder het deksel en stoof nog 20 minuten door. Rooster de amandelen goudbruin in een droge koekenpan en bestrooi het vlees ermee. Alma Huisken",Is about food
141,Is about food,"Horeca zit weer in de lift 'Als ie meer kan besteden, ga ie ook meer uit eten' VOORBURG Het mooie weer in het najaar heeft in het derde kwartaal veel goedgemaakt voor de horeca. Vooral bedrijven met terrassen konden terugkijken op een prima seizoen. Cafés, lunchrooms en grote café-restaurants deden het bovengemiddeld, meldde het Bedrijfschap Horeca en Catering gisteren. De omzet van restaurants, cafés en hotels steeg in het derde kwartaal van dit jaar met 3,8 procent vergeleken met vorig jaar. Dat betekent dat horecabedrijven in Nederland voor het eerst in vier jaar tijd meer maaltijden, drankjes en hotelovernachtingen verkochten. Het bedrijfschap is blij dat de horeca weer in de lift zit. De branche zal naar verwachting in de tweede helft van 2006 meeprofiteren van de groei van de particuliere consumptie volgend jaar. ""Naarmate de consument meer te besteden heeft, zal hij ook meer uit gaan eten en drinken,"" zegt Wim Waninge van het bedrijfschap. Volgens Waninge is vooral de lunchroom in trek. ""Mensen willen wegblijven van de vette hap en zoeken zaken die vers en gezond bieden, in allerlei variaties."" Dat wil niet zeggen dat de snackbar verdwijnt. ""Ook snackbars zijn met gezond en veilig eten bezig."" De zakelijke horecabestedingen ontwikkelen zich inmiddels goed doordat de binnenlandse bedrijvigheid toeneemt, met daardoor meer zakelijke bezoeken aan de horeca. In het derde kwartaal van dit jaar kenden de cafés gemiddeld per bedrijf een omzetgroei. Het aantal cafés daalde echter waardoor de omzetstijging van de drankensector als totaal minder groot was. Het cafetariabezoek steeg, maar de bestedingen per bezoek gingen niet omhoog. Daardoor bleef de omzetstijging achter bij bijvoorbeeld lunchrooms. De toeristische hotels, bungalowparken en campings zagen tijdens de schoolvakanties veel potentiële gasten een lastminute boeken naar de zon. Alleen bij hotels werd dat omzet verlies goedgemaakt door extra gasten in september. De horeca heeft mindere tijden achter de rug, ma",Is about food
23,Is not about food,"Eten is tijdens het seizoen voor mij 'werk' Deze maand heb ik een Japanse zwemmer op bezoek gehad. Hij bezit het Aziatische record op de 100 meter vrije slag en wil op zijn continent als eerste onder de 50 seconden duiken. Tot nu toe is hij steeds een fractie boven die grens blijven steken. Wat doe je dan? Dan ga je naar de Olympisch kampioen. Het liefst wilde deze Japanner een jaar in Nederland met mij trainen. Dat gaat natuurlijk niet. Met een week was hij ook buitengewoon tevreden. Toen mijn coachjacco Verhaeren zijn trainer het groene licht gaf, zij n ze samen ogenblikkelijk overgevlogen vanuit Tokio. Ze landden op Schiphol met cadeautj es en met tranen inde ogen, zó blij waren ze. De Japanners wilden alles van ons weten en de coach noteerde punctueel wat hij hoorde. De zwemmer zag ik steeds rondlopen met een taalgids Japans-Nederlands. Toen hij tijdens een bijeenkomst met jeugdleden in ons clubhuis werd voorgesteld, sprak hij iedereen toe met een paar Nederlandse zinnen. Die had hij met behulp van zijn boekje uit het hoofd geleerd. Toen wij na afloop aan de bar een biertje dronken, hield de coach de handen van Jacco nauwlettend in de gaten. Ik begreep dat niet. Totdat ik zag dat hij een asbak in zijn hand had en naar voren sprong toen Jacco de as van zijn sigaret wilde aftikken. Dat ging Jacco vanzelfsprekend veel te ver, hij heeft die asbak onmiddellijk afgepakt. Die trainer kwam ook elke morgen eerder naar het zwembad om de lijnen in het water te leggen. Zulke voorvallen zijn tekenend voor de instelling van Japanners. Met discipline en opofferingsgezindheid kom je heel ver. De zwemmer keek enorm op tegen mij als Olympisch kampioen. Af en toe durfde hij een vraag te stellen. En met zijn telefoon, een futuristisch mobieltje dat we in Nederland voorlopig nog wel niet zullen kunnen kopen, maakte hij een foto van ons samen. Zodat iedereen thuis zou kunnen zien dat hij mij had ontmoet. We hebben gegeten in eenjapans restaurant. Ze moesten lachen om wat wij 'Japans'",Is not about food
52,Is about food,"Aanval op at snelle hap Slowfood zit in de lift. De van oorsprong Italiaanse beweging, ruim tien jaar oud, propageert ook een boodschap die aan kracht wint door de toenemende onveiligheid van voedsel. Defoodie's strijden voor smaak en kwaliteit. 'En voor een goede maaltijd neem je de tijd'. VAN EEN ONZER VERSLAGGEVERS DE ENE HANDELING volgt razendsnel op de andere. Maar in elke beweging zit respect. Ricardo Bregstein kookt, of beter gezegd creëert in stilte. De eigenaar/kok van 11 Commendatore tovert in de keuken van zijn nieuwbouwflat op het voormalige KNSM-eiland, aan het IJ in Amsterdam, het ene na het andere gerecht op tafel. ""Wil je een ambachtelijk kerstmenu? Een feest voor lekIkerbekken, met traditionele ingrediënten? Dat kan"", had hij gezegd. ""Aan een foodie mag je dat vragen. Dat zijn fijnproevers met hartstocht."" De pleitbezorgers van het betere gerecht zijn te herkennen aan hun eigen symbool, een gouden slakje, een escargot. Zij halen de neus op voor smakeloos voedsel. Zij houden niet van haastig, gedachteloos eten. Bregstein: ""Voor een maaltijd neem je de tijd. Voor het bereiden ook."" Dat betekent niet dat een foodie altijd uren in de keuken staat. ""Als je maar met zorg kookt, en goede ingrediënten gebruikt. Dan kan een stamppot met een gehaktbal ook heerlijk zijn."" In de strijd tegen Fastfood, de snelle hap, kregen de foodie's onlangs steun uit onverwachte hoek. Theoloog Massimo Salani noemt de hamburger 'goddeloos'. ""Een goed katholiek eet geen Big Mac. Dat is een ontkenning van de heftigheid van het voedsel"", aldus Salani. ""Eten is een gift van God."" Voor foodie's gaat dat laatste wat ver, maar zij delen met Salani wel het respect voor eten. Slowfood gruwt van de jongste trend in Amerika: appartementen zonder keuken. De bewoners gebruiken slechts een koffiezetapparaat en magnetron, voor de kanten-ldaar-maaltijd. Of zij eten buiten de deur of laten ze een maaltijd bezorgen. Dan heb je geen keuken nodig, aldus bouwers en bewoners. In Nederland is de eet",Is about food
128,Is not about food,"Een Chinees paspoort maar nooit in China geweest David Zee (rechts), derde generatie, en zijn neef Chi Wai Zee, vierde generatie, met een foto van Assei Zee, eerste generatie. foto arie kievit Chinezen in Nederland werken in restaurants en kunnen hooguit 'sambal bij ?' in het Nederlands zeggen. Dat is het gangbare beeld. Maar er zijn ook Chinezen die plat Rotterdams praten. Door Katja Meertens Rotterdam - ""Mijn vader zei nooit dathij iets uit z'nhandenliet vallen. Hij zei: 'Ik liet het uit me klauwen pleuren'."" Aan het woord is Ellen Zee, dochter van Comelis Ko Lie Zee. Comelis, oftewel Chinese Kees, was halfbloed Chinees op Katendrecht. Net als zijn kinderen sprak hij beter Rotterdams dan de taal uit zijn vaderland. Chinezen, de jongeren uitgezonderd, staan niet bekend als de best geïntegreerde minderheidsgroep in Nederland. Zo'n 37.000 van de 70.000 Chinezen in Nederland vormen een geïsoleerde groep, die eet en werkt in een Chinees restaurant, boodschappen doet bij de Chinese toko, een Chinese tandarts of dokter bezoekt en vrij slecht Nederlands spreekt. Ellen Zee (46), haar broer David Zee (42) en Houny Chen (57) zijn wel goed geïntegreerd. Sterker nog, broer en zus Zee zijn voor driekwart N ederlands, Chen is dat voor de helft. Aan David en Ellen zij n de Chinese trekken met moeite te zien, Hounyzieterwat Aziatischer uit. Maar zijn 9-jarige dochter Eva Yee-Lin, die hij heeft met zijn Nederlandse vrouw, heeft blond haar en blauwe (spleet) ogen. Grootvader Zee en vader Chen kwamen na de Eerste Wereldoorlog als bootwerkers in Katendrecht aan. In die tijd bestonden de begrippen 'gezinshereniging' en 'huwelijksmigratie' niet. Om aan de vrouw te komen, moesten de Chinese mannen wel een Nederlands meisje kiezen. Chen, floormanager bij Café Rotterdam, werd Nederlands opgevoed. ""Thuis werd Nederlands gesproken. Ook door mijn vader. Wij konden hem goed verstaan, buitenstaanders hadden er meer moeite mee."" Ook de vader van David Zee kreeg een Nederlandse opvoeding. ""Mijn g",Is not about food
89,Is about food,"Terug naar Nederlands-Indië ■Tante Lien treedt op tijdens de Indische Zomer in Den Haag, een vier maanden durende terugblik op Nederlands-lndië met theater, muziek, kunst en de grootste rijsttafel ooit. Het alterego van Wieteke van Dort haalt op verzoek van deze krant herinneringen op aan typisch Indische zaken als bikkelen, de Pasar Malam Besar en spekkoek. DOOR JANET VAN DER VAART Indische Zomer ""Het is een beeldspraak, de titel van deze zomer in Den Haag. Een prachtig initiatief overigens, van groot cultureel belang. Maar in Indonesië heb je eigenlijk geen zomer, alleen natte en droge moessons. Tijdens de eerste regent het elke dag of dagen lang, waardoor de natuur groen-groen-groen is en tijdens de tweede heerst er verzengende hitte."" Meest Indische plekje in Den Haag ""De leuningen van de Javabrug. Uit het steen zijn Indische tafelrelen gehakt. Een boer op een sawah (rijstveld, red.) met een karbouw (rund dat de ploeg trekt, red.), bijvoorbeeld. Ik hoef maar naar die afbeeldingen te kijken en ik denk aan vroeger. Het leuke is dat bijna niemand het weet."" Spekkoek ""Praat me niet over spekkoek, daar heb ik me aan overeten. Ik JÉ heb het nog B nooit zelf gemaakt, want yjjÊ je bent er een hele dag mee bezig. Je bakt 91 het laag voor laag en het moet tussendoor steeds afkoelen. Wel eet ik heel graag alle andere Indische koekjes, zoals klepon. Dat is een groen koekje met geraspte kokos eromheen. Binnenin zit gesmolten guladjawa, Javaanse suiker. Het eten van klepon is een sensatie. Als je een hap neemt, spuit de guladjawa in je mond, heerlijk is het."" Rijsttafel ""Die gaat chef-kok Lonny Gerungan maken 2 juli maken op het Spui Senang, zoals het Spuiplein tijdens de Indische Zomer heet. Vegetarische gerechten, die ik altijd eet, passen goed bij rijsttafel. Zoals sajoer lodeh, een grote groentensoep. Indische mensen maken trouwens altijd te veel. Ze koken voor tien personen, terwijl er vier komen eten. Maar ja, de volgende dag smaakt het nog lekkerder."" Iaden Mas Jodjana",Is not about food
94,Is not about food,"'Recept Coca-Cola gekraakt' Van een onzer verslaggevers Berlijn - Twee Duitsers beweren het ultrageheime recept van Coca-Cola te hebben gekraakt. Volgens het duo bestaat de frisdrank voor 99,5 procent uit suikerwater en koolzuur. De overige 0,5 bestaat uit een aantal exotische ingrediënten, die ze publiceren in hun boek Lexicon der populüren Ernührungsirrtümer (vrij vertaald: Verzamelde fouten in de moderne voeding). Het schorsextract van de mimo- saboom, een paar druppels tropische olie, een mengsel van mandarijnenschillen met alcohol, limoensap, gember, vanille, cacao, cafeïne en coca-bladeren. Dit zijn de geheime ingrediënten volgens voedingsmiddelenscheikundige Udo Pollmer en mede-auteur Susanne Warmuth.Volgens Pollmer is de vondst niet nieuw. ""Twintig jaar geleden hebben scheikundigen al ontdekt wat cola de typische smaak geeft. Dat dit nu niet meer klopt, komt doordat Coca-Cola om de zo veel jaar de ingrediënten verandert."" De legende dat het originele recept in een kluis in Atianta ligt, is volgens de Duitser een marketingtruc en grote onzin. ""Coca-Cola verandert zijn recept net zoals Mercedes nieuwe modellen op de markt brengt. Zo zat in het originele recept van uitvinder John Pemberton cocaïne. Dat zit er nu echt niet meer in. Er zijn nog meer grondstoffen die in de loop der tijd vervangen zijn. Het originele recept bestaat dus niet."" Coca-Cola Nederland omschrijft de zaak als 'weer een leuke poging het geheim te ontrafelen'. Volgens een woordvoerster komen er met enige regelmaat berichten dat het recept gekraakt is. ""Tot nu toe blijken de pogingen achteraf nooit te kloppen. Het kén wel, maar alleen de hoge pieten kennen het recept"" En dat ligt volgens haar wel degelijk inde kluis. Het recept van Coca-Cola is in 1886 uitgevonden door de Amerikaanse kruidenier Pemberton. Hij zorgde ervoor dat de inhoud van het drankje een legendarisch geheim bleef. Om het geheim te bewaren, besloot het bedrijf zich in 1977 zelfs liever terug te trekken uit India dan het rece",Is about food
57,Is about food,"Binnen brandt de kachel 1» Theehuis Dennenoord Hallo? Woont Sneeuwwitje hier? Wat een schattig houten huis j e. Er komtrookuitde schoorsteen en in het bos ruik je al vers gebakken scones, applepie en cheesecake. 0, hier woont Snowwhite. Twee eigenlijk. Ina van Doom en Annabel Vierhout. De dames mnnen Theehuis Dennenoord gelukkig niet alleen voor hun kaboutertjes. Vooral wandelaars die de korte kuierroute naar de Vasserheide of een langere tocht langs de oude watermolens in het Springendal achter de mg hebben, komen hier op temperatuur bij de potkachel. Koffie kan, maar thee is het hier helemaal. Veertig soorten. Van groene rooibosthee tot Oosterse liefdesthee. En de eigen bakkerij maakt overuren. Maak een afspraak voor een Engels Pubbuffet of, als het weer een beetje meezit, reserveer dan zo'n goed gevulde picknickmand met plaid. In het Vassergrafveld moeten zeer romantische plekjes zijn, zeggen de dames. Al met al een gevaarlijk adres want je wilt er nooit meer weg. Gelukkig verhuren ze ook smakelijk ingerichte cottages met veranda. Adres: Vasserwegjy in Nutter (tussen Vasseen Ootmarsum). Vrijdag, zaterdag en zondag open van 11 tot 19 uur. 0541 680790 en www.theehuisdennenoord.nl 2. 't Nije Hemelriek Dat het nog bestaat in Nederland. Eerst dat machtige bos vol groene sparren en roestbruine lorken. Lorken ja, zo noemen ze in Drenthe lariksbomen. Maakt niet uit. Volg gewoon het pad naar 't Nije Hemelriek en dan kom je echt in het paradijs. Midden tussen al die bomen ligt een heerlijk helder bosmeer met een brede rand van stralend wit zand. Als je goed kijkt, ontdek je één gebouwtje tussen de bomen. Restaurant 't Nije Hemelriek van Ger en Jos Vinken. De broers hebben hier een oude herberg van Staatsbosbeheer omhuld met serres en terrassen. WC's met automatisch brilschoonmaaksysteem (kun je lekker zitten na die boswandeling) en een nieuwe keuken waar de erwtensoep gemaakt wordt volgens het oude recept van de moeder van Ger en Jos. Oma's snert met Schweinshachse wordt o",Is not about food
153,Is about food,"Het geheim van Dordt Eten Lang geleden hoorde ik over de schoonheid van de oude stad Dordrecht en eindelijk liep ik er rond, begin deze maand. Langs de binnenhavens, naarde stads-poort waar drie rivieren samenkomen, over de keien van oude kades naar de Grote Kerk en via het stadhuis weer terug naar Het Hof, waar ik mocht spreken. Wat een gave binnenstad, wat een mooi beeld van Hollands oude rijkdom I Een gift kreeg ik ook mee: het receptenboekje van Corneliajohanna van Gijn-Hoogwinkel (ca. 18301869), een uitgave van het plaatselijke museum Simon van Gijn. Uit dat boekje een mij nog onbekend recept: aardappelen met pitjes: ""Men neemt grote aardappelen en kookt die half gaar, maakt met een lepel daarin een holletje waarin een stukje boter met melk en zout gedaan wordt, verder in een koekenpan met onder en boven vuur braden, dikwijls met boteren melk bedruipen, men kan het ook in aarde schotel doen."" Een recept dat u precies kunt uitvoeren zoals de dienstbode/kokkin destijds noteerde. Ik zou het holletje weer zo goed en zo kwaad als het kan dichtstoppen met een 'stopje' van aardappel. De combinatie van boter en melk doet denken aan gratins, Franse aardappeltaarten, in laagjes opgeDouwa. uaar zit aitiju een vleug knoflook door, dus bemint u het geurige teentje, doe dat er dan vooral bij (geplet) of door (fijngehakt). Het oude 'bovenvuur' (geschapen door gloeiende kooltjes op een deksel te stapelen) ontstaat door de oven lekker voor te verwarmen (2001). Overigens kunt u de 'melk om te bedruipen' vervangen door bouillon of louter boter. ALMAHUISKEN O www.almahulsken.nl",Is about food
154,Is about food,"Kerstfeest van uitersten Door Mirjam Keunen Het is een stille ochtend in het park bij de Euromast. Binnen in het witte paviljoen op de heuvel, met het mooie uitzicht op de Maas, heerst kalme bedrijvigheid. 'De reis waard', betekenen de drie sterren in de gids van Michelin. Sinds Parkheuvel een prominente plek kreeg op de culinaire wereldkaart is de klantenkring groter en meer internationaal geworden. ,Maar met Kerst blijven buitenlandefs het liefst thuis"", zegt chef-kok Cees Helder. ""Zou ik zelf ook doen."" Een kerstboom vol twinkelende lichtjes ontbreekt niet in de strakke zaak met de warme, maar zakelijke sfeer. Het is de enige uitbundigheid. Het kerstmenu is in veel restaurants de kroon op de kaart, maar in het culinair heiligdom moet het altijd feest zijn. Dagelijks staat Helder met zijn witte brigade op scherp - de stress is minder met de kerst. Het is niet zo hectisch, omdat hij met een voorbereid menu werkt. Het kerstdiner omvat gangen die zich in voorgaande jaren al bewezen hebben. ""Het zijn gerechten die een kerstsfeer oproepen. Wild, donker en warm vlees dat niet het hele jaar verkrijgbaar is en rijke gerechten die luxe uitstralen zoals kreeft, fazant of tarbot"", zegt Helder. Het hoogtepunt van het kerstmenu zijn de reekoteletjes met amandelgruis en zwarte peper, stoofpeertjes en knolletjes van kardamqn. ""De stoofpeertjes :ombineren goed met dat rode, zoetige vlees. En een pepertje ;;eeft wat spanning. Het is een ïoed gerecht en iets dat goed is toef je niet te veranderen"", zegt lij over deze gang die hij zes jaar geleden heeft ontwikkeld. Helder put uit zijn eigen reper:oire ""Elk seizoen veranderen we ie kaart en dan staan er twee of Irie nieuwe gerechten op. Zo blijf e jezelf vernieuwen. Het kost 'aak maanden voordat je denkt: nuis hetfantastisch!' Experimenen mag j e niet los laten op de gas- :en. Je kunt gerechten pas op de caart zetten als ze al zo ver in ontwikkeling zijn dat je weet dat er ?een aanmerkingen komen."" Hij streeft naar perfectie en nuanc",Is about food
115,Is about food,"Voer voor verleiding Ze introduceerde termen als kitschkoken, sletterige frambozen, troosteten en Nigella-land. En wanneer ze chocolade van haar vingers likt, lijkt ze werkelijk in extase. In Engeland is tv-kok Nigella Lawson een ster. Haar bestsellers zijn nu in het Nederlands vertaald. Door Annemart van Rhee Amsterdam - Van ouderwets ordinair geroosterde kip raakt ze opgewonden. En de textuur van zachtromige aardappelpuree noemt ze een sensuele sensatie. Junkfood? Prima. Voor fish en chips met azijn zou ze bijna een moord begaan. Maar ze bezoekt liever Burger King dan McDonald's. Want: ze houdt niet van substantie die zo weggeschraapt lijkt van de vloer van het abattoir. Nigella Lawson (42) - op tv niet zelden suggestief knabbelend aan drumsticks of een string spaghetti, gedrag dat sommigen spottend als gastropom kwalificeren - ten voeten uit. Stoer maar vrouwelijk, niet terugdeinzend voor ironische harde quotes en altijd met die hint naar de vleselijke geneugten des levens. Een trefzekere mix in combinatie met haar appetijtelijke uiterlijk en glamourachtige levensverhaal. Het maakte haar een ster en haartv-programma's Nigella Bites en Forever Summer - hier uitgezonden door RTL4 - een hit. Vooral bij de naar hip en trendy smachtende incrowd die haar originele recepten zelfs lyrisch als voedzaam proza en zwoele instructies bestempelen. Lawsons 'Ik houd wel van een beetje operatie en chirurgische ingrepen' - bij het opensnijden van een kip blijkt inmiddels een klassieker die velen het kwijl uit de mond doet lopen. Verleiden en flirten achter de stoof. Lawson (voor de gelegenheid in cowgirl-look met veel franjes en suède) weet best waar haar kracht ligt. ""Niet dat ik het wil: maar zowel mannen als vrouwen projecteren hun fantasie op mij. Dat komt door het medium tv. Ik heb gehoord dat mannen me lekker vinden en dat vrouwen zo willen zijn als ik. Ook omdat ik niet zo superdun ben als de meesten op tv en ik moeder ben van twee kinderen. Overigens beschouwen de vrouwen ",Is about food
140,Is about food,"Leve de stamppot Afgelopen weekeinde vond in Groningen het wereldkampioenschap snertkoken plaats. Snert maakt deel uit van onze nationale eetcultuur. Maar worden typisch Nederlandse gerechten nog wel gegeten? Door Karin Kuijpers Hoenderloo - Het is niet voor niets dat Nederlanders de reputatie hebben veel te eten. Want wie de geschiedenis van de Nederlandse gastronomie erop na slaat is het eeuwenlang kommer en kwel geweest met onze magen. Groenten waren er niet, Nederlanders aten roggebrood aangemaakt met slootwater en reuzel. Logisch dat met de komst van de stamppot de Nederlander er nog een schepje bovenop deed. ""Pas in het begin van de achttiende eeuw komt de stamppot in kookboeken voor. Waarschijnlijk uit een verlangen om het Nederlands zelfbewustzijn te vergroten"", zegt Jaap Klosse, oud-restaurateur van de Echoput en kenner van de Nederlandse gastronomische geschiedenis. Klosse: ""Ook toen al luidde het motto dat eten niet duur mocht zijn. Een stamppot was niet duur, men kon verdoezelen als er weinig vlees was en bovendien was het makkelijk te bereiden op primitieve kookplaatsen."" Eten heeft lange tijd in Nederland weinig te maken gehad met gezelligheid. ""Kijk maar naar de Aardappeleters, het schilderij van Van Gogh. Een prachtig voorbeeld van onze eetcultuur. Mensen zitten sober om de pan heen, er word niet gesproken. Er heerst een kille, strenge sfeer. In mijn jeugd logeerde ik regelmatig in Staphorst waar nog zo'n zelfde sfeer hing tijdens het eten. Nee, ik vind het niet vreemd dat het calvinisme bepalend is geweest voor onze eetgewoonten."" Nederland is het land van de stamppotten, het balletje gehakt en de erwtensoep. Maar heeft onze natie nog wel plaats op tafel voor deze oerhollandse gerechten nu we zoveel buitenlands eten? Rob Wolf, eigenaar van restaurant De Blauwe Hollander in Amsterdam: ""Ik ben hier twintig jaar geleden temidden van allemaal buitenlandse restaurants begonnen met een Hollandse Burgerpot en al twintig jaar zit mijn zaak elke dag vol. Som",Is about food
10,Is about food,"TIJDSCHRIFTEN Goed nieuws voor culifreaks: er is alweer een nieuw kooktijdschriff. Kookgedachten, een halfjaarlijks culinair magazine dat 3,95 euro kost, is een initiatief van de Venlose chefkok Eric Swaghoven, die eerder het kookboek Kookgedachten uitbracht. Hij wil meer bieden dan alleen recepten, vandaar dat Kookgedachten ook aandacht besteedt aan 'de verhalen achter de ingrediënten, de culinaire voorkeuren van vip's en de gang van zaken achter de schermen'. Klinkt als een loffelijk streven, maar of Kookgedachten dat alles ook waarmaakt? Oké, Normaalvoorman Bennie Jolink wordt aan de tand gevoeld over zijn smaakbeleving ('Op mijn verzoek maakt mijn vrouw nooit vis klaar. Ik vind het namelijk niet prettig wanneer ik het eten op heb en de keuken nog naar vis smaakt.'). En dankzij een interview met slager Fred Schouten weten we nu dat Duitsers dé worstspecialisten van Europa zijn. Maar of de culi's van Nederland daar nu op zitten te wachten? Het redactionele gedeelte van Kookgedachten doet, om in stijl te blijven, wat oudbakken aan, eerlijk gezegd. Dat geldt niet alleen voor de interviews, maar ook voor rubrieken als Weetjes ('Wist u waarom vet niet ongezond is?'), Toptips ('Zet kommetjes naast de borden zodat uw gasten hun visgraatjes ongezien kwijt kunnen') en Fabels ('Boen champignons nooit met water schoon'). Dat weten we JAQUELINE STORM toch allang? Bovendien is het nogal irritant dat de schrijvers van de artikelen in Kookgedachten wel heel vaak 'ik' gebruiken, maar dat hun namen nergens zijn te vinden. Dan de recepten. Waar de artikelen haast té simpel en té vanzelfsprekend zijn, slaat de receptuur in Kookgedachten weer door naar de andere kant. Weet bijvoorbeeld iemand watje precies onder komkommerpulp moet verstaan? Het is iets van gepureerde komkommer, begrijpen we, maar moeten de zaden er nu juist in of uit? Wat is fleur de sel? Waar vind je arrowroot? Hoe maak je tempurabeslag? En wat zijn zeeduivels op de graad - of is het laatste geval gewoon een typisc",Is about food
12,Is about food,"KOKEN ALS COBRA Zelfs vanuit Zwolle, 350 kilometer ver, krijg ik mensen te eten BELGISCHE KEUKEN DOOR KAREN HAMERLYNCK Als er een terrein is waarop de Nederlanders de superioriteit van de Belgen dreigen aan te tasten, is het de keuken. Althans dat is de mening van meesterkok Danny Horseele van 't Molentje in Zeebrugge, het enige Belgische restaurant dat vorig jaar een tweede Michelinster wist binnen te slepen. Drie Belgische tweesterrenrestaurants moesten een ster inleveren. ""Natuurlijk hebben we nog altijd meer twee- en driesterrenrestaurants dan in Nederland"", zegt Horseele. ..Zeven èi acht jaar geleden was er in Nederland eigenlijk nog vrijwel niets-laat ons eerlijk zijn-maar ze zijn enorm aan het opkomen. En België ligt veel te veel op zijn lauweren te rusten. Als we niet oppassen, vergaat het ons precies zoals Frankrijk en zijn we binnen een paar jaar voorbijgestreefd."" Dat er in België lekker gegeten wordt, is algemeen bekend. Maar nog altijd definiëren veel Nederlanders de Belgische keuken als een wat zware, Bourgondische keuken met als typische kenmerken grote hoeveelheden vlees vaak bereid in bier, voorzien van rijke, romige sauzen en patates frites. Een hardnekkig maar zeer gedateerd beeld, meent Horseele. ""Er zijn wel typisch Belgische producten zoals witloof of hoppef 4 Tf scheuten en natuurlijk wordt er hier nog wel met bier bereid, maar de Belgische keuken staat internationaal vooral zo in aanzien vanwege haar flexibiliteit, het volledig kunnen aanpassen aan de dagmarkt. Ons vermogen met alle soorten ingrediënten te kunnen werken heeft mijns inziens te maken met de veelheid van culturen die hier leeft. Brussel is toch de hoofdstad van de Europese Unie, er komen hier zoveel mensen tezamen. Dat laat zijn sporen achter."" Nederland heeft diezelfde kracht, zegt Horseele. ""Er is daar een geweldige doorstroming van jong talent. Je ziet sommige jongeren bijna ontploffen van ideeën, ze willen allemaal nieuwe dingen uitproberen. Vorig jaar gingen wij nog naar Lo",Is about food
66,Is about food,"De smaak van de hemel fat is het geheim van de Thaise 0,' keuken? Dat vraagt bijna iedereen tch af die Thailand heeft bezocht. * jieonvermoede, subtiele smaken en ^raffineerde combinaties maken 1' »an de grootste mopperkont een '■leetje gelukkiger mens. De tntdekking van de hemel als het vare. Door Bert van der Ent MICKI BICHIT, de chef-kok van hotel Narai in Bangkok, schikt wat kommetjes met kruiden en sauzen op een plateau naast een gascomfoortje, voor hij de j basisprincipes van de Thaise keuken ♦ uiteenzet. - ""Het is heel simpel"", zegt hij. ""Het gaat om de versheid van de ingrediën— ten."" Het gaat ook om iets wat meestal niet in de kookboeken staat: de snelheid waarmee de gerechten worden bereid. In een paar minuten is alles ? klaar. En de stukjes kip worden niet gebakken, rriaar gefrituurd. In de maïsolie met een temperatuur van 200 m gradenDaar zitten we dan: oog in oog met ms een beroemde kok in Thailand. We zijn voor de kookles bij Micky in goede handen. Hij schreef een veel geraadpleegd Engels-Thais kookboek, kookte voor koningin Eliza- beth op het jacht Brittannica en gaf onlangs nog een cursus Thais koken in Zürich. Hij heeft de uitstraling van een boeddhabeeldje: vriendelijk en welgedaan. Maar vetgis je niet: hij straalt autoriteit uit als hij de gascomfoortjes aansteekt waarop de gerechten worden gemaakt. De keukenbrigade komt ook naar Micky kijken. ""Ze willen dit zien, want normaal kookt de chef-kok niet. Dat laat hij doen"", zegt de culinaire journalist Onno H. Kleyn. Micky zal twee gerechten maken: Tom Yam Ghoong, een soep van rivierkreeft met vissaus, een pepertje, citroengras, citroensap, paddestoelen, schijfjes dun gesneden gember en koriander. Het andere gerecht is Kai Pad Mamuang, in maïsolie gefrituurde kip met ongezouten cashewnoten, een paar teentjes knoflook, grofgesnedenui, lenteuitjes, een pepertje, lichte en donkere sojasaus en een mespuntje suiker. We mogen allemaal proeven en een deelnemer zegt verrukt: ""Alsof er een luikje naar de hemel",Is about food
83,Is not about food,"In de ban van de sterren Krijgt Nederland deze week wel of niet het eerste driesterrenrestaurant? En als de derde ster valt, wie krijgt hem dan? En als je hem hebt, hoe is dat dan? Show & Zo zet deze week kanshebbers, de geruchten en de ervaringen op een rij. En donderdag mag Michelin het verlossende antwoord geven. 'DE AFWEGING BLIJFT HET MYSTERIE van Michelin' Door Karin Kuijpers Rotterdam - De hoop op een driesterrenrestaurant is niet van gisteren. Al in 1987 repten de media dat Cas Spijkers met zijn restaurant De Swaen in Oisterwijk drie sterren verdiende. Het is er nooit van gekomen. Sterker nog, Cas raakte zijn twee sterren kwijt en gebruikt thans zijn deskundigheid voor de televisie. En nu is culinair Nederland wederom in de ban van drie sterren. Van de tien tweesterrenrestaurants die ons land kent, circuleren er vijf als kandidaat. La Rive in het Amstelhotel in Amsterdam (Robert Kranenborg), Parkheuvel in Rotterdam (eigenaar/chefkok Cees Helder), De Bokkedoorns in Overveen (chefkok Lucas Rive), Toine Hermsen in Maastricht (eigenaar/chefkok) en De Librije in Zwolle (Jonnie Boer). Drie sterren betekent volgens Michelin 'uitzonderlijke keuken, de reis waard'. De bijbehorende hoeveelheid bestekjes (mes en vorkje) in rood en zwart geven de al dan niet bijzondere omgeving en de mate van comfort aan. Michelin-inspecteur Paul van den Cranenbroeck: ""Bij een restaurant met één ster en één zwart bestekje als Tante Koosje in Loenen zijn we soepeler in onze beoordeling dan bij een Amstelhotel dat vier rode bestekjes heeft en twee sterren. Daarom kun je sterren niet met elkaar vergelijken. De afweging blijft het mysterie van Michelin."" Zeg dat wel, want dit jaar heeft Michelin bijvoorbeeld in Engeland al flink huisgehouden. Twee restaurants in Londen (The oakroom van Marco Pierre White en Chez Niko) raakten vorige week hun derde ster kwijt vanwege 'vermindering van het comfort'. Om in aanmerking te komen voor een derde ster, is Van den Cranenbroeck glashelder: ""Behalve ui",Is about food
16,Is about food,"Houtduif Eten Een wifde houtduif heeft niets met zijn gedegenereerde neef uit de stad te maken. De wilde eet graan (en in Nederland ook graag boerenkool) en dat levert kostelijk vlees op met een echte wildsmaak. Bestel houtduiven bij poelier of slager, u weet wel, voor aanstaande maandag. Reken een duifje per persoon. Ze zijn zeer betaalbaar: twee prachtige duiven, bij mij in de regio geschoten, kostten me slechts een tientje. Bardeer (omwikkel) ze in spek en braad ze in 30 minuten met wat 'wildingrediënten' gaar: geplette jeneverbessen, krachtige kruiden (tijm of rozemarijn), sjalotten en rode wijn, zoiets; en gebruik geklaarde boter of ganzenvet met olijfolie of een mix van roomboter, bakboter en olijfolie. Het navolgende recept is een vrije variant op Antonio Carluccio's Palombacci sui Crostini, uit 'Koken met Carluccio' - vlees, wild en gevogelte', een apart bundeltje uit zijn in zeven delen gehakte (en naar onderwerp gesorteerde) meesterwerk 'Eten in Italië', verschenen bij bij Schuyt & Co, ISBN 90-6097-568-5, ƒ 25,00 per deeltje. Voor 3 personen: 3 panklare (en thuis goed afgespoelde en gedroogde) houtduiven. Voor de marinade: 2 glazen rode wijn; 4 eetlepels olijfolie; enkele (tot max. 12) blaadjes verse salie; 1 eetlepel gezouten kappertjes, 10 min. geweekt in water, uitgelekt; 2 knoflooktenen; 3 ansjovisfilets; zwarte peper. (Door de ansjovis zou ik zout hier weglaten, maar dat is strikt persoonlijk). Meng alle marinade-ingrediënten in de blender en doe ze in een kom. Marineer de duiven er een paar uur in (draai ze eens om). Verwarm de oven voor op 220 °C. Haal de duiven uit de marinade en braad ze 30 minuten. Kook in de laatste 10 minuten van de braadtijd de marinade in een braadpan in tot de helft van het volume. Serveer de duiven met de ingedikte saus bij spatzli en rodekool, of bij een 'stamppottaartje' van groene of boerenkool, of spruitjes en pastinaken. Alma Huisken",Is about food
28,Is about food,"IJskonijn in de keuken De World Skills bestaan al sinds 1950. De internationale beroepenwedstrijden zijn bedoeld voor jonge vaklui tot en met 22 jaar uit verschillende branches. In de categorie koken staat jeroen Schuurman volgende week namens Nederland achter het fornuis. Door Ellen Leijser Nieuwegein - Hij was een jaar of tien toen hij met zijn ouders uit eten ging en parmantig de keuken van het restaurant binnenwandelde. Dat wil ik ook, dacht Jeroen Schuurman (22) uit Nieu wegein toen hij de koks aan het werk zag. Tegenwoordig staat hij in de keuken van restaurant De Kloosterhoeve in Harmelen en volgende week vliegt hij naar het Koreaanse Seoul om te strijden om de WK-titel voor jonge koks. De wedstrijd koken is een onderdeel van de World Skills, een twee jaarlijkse internationale beroepenwedstrijd voor talentvolle jon ge ambachtslui. Dertig jongeren uit Nederland met verschillende beroepen - lassers, autospuiters, hoveniers, timmerlui, bloemschikkers - proberen hun internationale collega's de loef af te steken. Kandidaten uit 35 verschil lende landen komen naar de World Skills die je kunt beschouwen als de Olympische Spelen voor ambachten. Hij heeft nog geen last van slapeloze nachten, maar dat komt heus nog wel, verzekert Schuurman lachend, zeker als hij zich realiseert dat hij binnenkort voor het eerst van zijn leven in een vliegtuig stapt. Na drie jaar mavo vervolgt Schuurman zijn opleiding aan een particuliere koksopleiding. De reden dat hij de mavo voortijdig moet verlaten? ""Ik moest Frans laten vallen, want ik was er niet goed in, maar dat wilde ik helemaal niet."" Want: een kok die de Franse taal niet machtig is is hetzelfde als een glazenwasser met hoogtevrees. Het kan wel, maar het is nogal onhandig. Zeker als je bedenkt dat Schuurman vooral van de Franse keuker houdt. ""En dan met een zo strak mogelijke opmaak. Het moet er ook heel mooi uitzien. Ik houd van contrasterende kleuren op een bord."" Zo werkt hij graag met ingrediënten als saffraanmayonaise en ",Is about food
31,Is about food,"De Italiaan heet Zaidi Door Katja Meertens Rotterdam - Toen Petra tien jaar geleden met haar Italiaanse echtgenoot Franco Librizzi een ristorante pizzeria wilde beginnen, zei de Kamer van Koophandel: ""Goh, Italianen met een Italiaans restaurant. Dat is een uitstervend ras."" Tegenwoordig beginnen Turken en Marokkanen eerder een pizzeria. De Librizzi's hebben geen problemen met een 'buitenlander' in de keuken, maar, zeggen zij: ""Wees er dan eerlijk over. Nu noemen ze zich in het restaurant Mario of Guiseppe en in de keuken spreken ze Marokkaans."" De Italiaanse regering wil paal en perk stellen aan de wildgroei van restaurants in Europa die zichzelf ristorante italiano noemen, maar geen Italiaanse producten verkopen. Daarom stelt zij een keurmerk in dat de authenticiteit garandeert. Deze week kregen de eerste Belgische 'Italianen' een certificaat. Uit onderzoek blijkt dat van de meer dan 1000 restaurants daar, slechts 100 tot 150 in aanmerking zouden komen voor erkenning. Wil een restaurant het predicaat Italiaans op de voordeur hangen dan moeten de ingrediënten, recepten en wijnen uit Italië komen. Het personeel hoeft niet per se Italiaans te zijn, maar voor de chef-kok is een Italiaanse opleiding een vereiste. De restauranthouder is verplicht met 'promotieactiviteiten' en folders het 'Italiaanse merk' bevorderen. Nederland telt 1212 restaurants en pizzeria's die zichzelf Italiaans noemen. Een van hen is ristorante pizzeria Ciao Pirandello in Rotterdam. Eigenaar Marco Emmanuelle, die bij nader inzien Zaidi heet, zegt dat zijn zaak alleen maar gerechten uit Italië serveert. Toch staat er pizza shoarma op de kaart. ""Omdat onze klanten dat graag willen."" Van Zaidi - Marokkaanse vader, Italiaanse moeder - hoeft een keurmerk niet zo nodig. Het zegt immers niets over de kwaliteit van een restaurant. Dat vindt ook eigenares Geertje Yntema van het Rotterdamse restaurant Lux en pizzeria La Pizza., ,M ensen bepalen zelfwel wat ze lekker vinden. Het wordt met een keurmerk echt n",Is about food
142,Is about food,"Rotterdams kookboek Eten Als u nog zoekt naar een decembergeschenk, dan wijs ik u graag op het 'Rotterdams Kookboek' van Linda Roodenburg. Deze gastconservator van het Rijksmuseum voor Volkenkunde in Leiden kweet zich van een bijzondere en veelomvattende taak. Als Rotterdamse, wonend in een multiculturele wijk en nieuwsgierig naar leefstijl en keukens van de grote, zeer gevarieerde gemeenschap van de Maasstad, bracht ze een dozijn eetculturen samen in haar boek. Het is de aanrader van het jaar, wat mij betreft. Fotograaf Carel van Hees stond haar bij deze taak terzijde en zelden zal een boek zo'n intiem inzicht hebben gegeven in hoe 'we', anno 2004 in een grote havenstad in Nederland, onze maaltijden bereiden en celebreren. Uit de circa honderd bevolkingsgroepen in Rotterdam selecteerde Roodenburg mensen met totaal verscnnienae acntergronaen en eetstij len. Via-via hoorde ze wie er goed kon koken en trok boodschappen doend en pratend boven de pannen met de thuiskoks op. Deze laatsten bereidden telkens een uitgebreid menu, zodat u rechtstreeks uit hun keukens heerlijkheden (en uitleg en achtergronden) krijgt voorgeschoteld uit Nederland, Eritrea, Turkije, de Antillen, China, Indonesië, de joodse keuken, Italië, Marokko, de Kaapverdische eilanden, Iran en Suriname. Een vuistdik boek vol toewijding, van auteur, fotograaf, grafisch ontwerpster én koks (€29,50, Kosmos Z&K.) Natuurlijk vindt u ook op deze plaats meer uit dit fantastische boek. Vandaag een Turks kleinigheidje, om mee te starten: Domates salatasi (tomatensla): veel zeer klein gesneden tomaten, komkommer, paprika en een klem uitje (ot 2 lente-uitjes). Meng de ingrediënten door elkaar, voeg er fijngehakte munt, een scheutje olijfolie, citroensap en wat zout aan toe. Direct serveren. Morgen: ham uit Aruba! ALMAHUISKEN O www.almahulsken.nl",Is about food
18,Is about food,"'Ik schrijf niemand naar de bek' Alma Huisken (46) ontving deze week de Wina Bornprijs voor onder meer haar culinaire bijdragen aan het Algemeen Dagblad. Over haar passie voor een doperwt, slome tomaten en het dilemma van de zuiglammetjes. ""Ik vind ze zó leuk. Maar ja, ook zó lekker."" Door Karin Kuijpers Haarlem - De postbode geeft een ruk aan de trekbel van haar oude bovenhuis in Haarlem en feliciteert haar innig. Ze kennen mekaar goed. Hij (ex-Ajacied Rien van Rooy) overhandigt haar bijna dagelijks pakjes gevuld met kookboeken. Zij neemt ze lachend aan. Pakjes betekenen immers nieuw voer. Nieuwe inspiratie voor haar passie. Op naar het aanrecht Huisken! Koken! Naar dat kleine, smalle onooglijke formicakeukentje dat ze zo graag anders zag. Maar ja, dan is de enige optie verhuizen. Ze kookt op gas. Op een simpel vierpittertje met pannen van de rommelmarkt, messen van de Hema tussen haar verzameling oude petroleumstellen en op een gezellig kleed uit Terschelling. Hakken, roeren, ruiken, proeven, peinzen. Mijmeren over hoe ze haar ervaringen kan delen met al die mensen op de wereld die ook dat geluksgevoel in zo'n keuken kennen of willen leren kennen. Afgelopen maandag kreeg Alma Huisken de Wina Bomprijs uitgereikt in het Okurahotel in Amsterdam. Na een gerecht van Sint Jacobsmosselen met schijfjes van knolselderij en aardappel. ""Verrukkelijk"", zegt ze. Het moment ema was 'totaal niet verwacht'. Nou ja, ze was genomineerd, dat wist ze. Met twee anderen. En ze had een speech voorbereid, want ze wilde niet met een mond vol tanden komen te staan. De voorzitter van de Stichting Vakopleiding Horeca (SVH) citeerde een zin van haar. 'Prei is een vondeling'. Gewonnen! Heeft ze overwogen om de prijs te weigeren? Immers, collega's als Johannes van Dam vinden dat de in augustus vorig jaar overleden Wina Bom te veel naar de mond van de commercie schreef en te weinig kritisch was. Huisken: ""Je kunt van haar zeggen wat je wilt, maar Wina Bom heeft Nederland klaargestoomd voor de Fr",Is about food
136,Is about food,"Wondervla LEKKER GEZOND-}- Het Voedingscentrum stuurde een electronisch kattebelletje dat het een prijs had weggegeven, de jaarprijs Goede Voeding. Tijdens een feestelijke bijeenkomst in de Cruise Terminal in Rotterdam is met algemene stemmen besloten dat we gezond worden met Vifit Optimel vla. Volgens de 'onafhankelijke' Goede Voeding-jury kan de vla, 'gezien de hoge toetjesconsumptie in Nederland, bijdragen aan het beperken van de hoeveelheid calorieën in de voeding van de Nederlandse bevolking'. Het is namelijk slecht gesteld met de gezondheid van de Nederlanders, zegt Vifit. We eten te veel verzadigd vet, dat is het grote probleem, zegt de mijn heer van het Kenniscentrum van het Voedingscentrum. Overgewicht neemt volgens hem epidemische vormen aan. Door het voorkómen van overgewicht en een gezondere voeding met minder verzadigd vet gaan we niet dood, zegt hij. Het lepelen van de vetvrije Vifit-vla, als tussendoortje of na de maaltijd, kan jaarlijks 140.000 doden voorkomen. Als dat geen wonder is. De echte eetwetenschappers denken er evenwel heel anders over. Vet moet, zeggen zij. Overal waar de verzengende anti-vetlobby aan het werk is geweest, is de bevolking juist dikker geworden. Kijk maar naar Nederland. Er moet dus iets fout zijn metdieantivettheorie van Voedingscentrum en overheid. En inderdaad, wat blijkt, ze hebben over het hoofd gezien dat de slogan 'minder vet moet' nare bijwerkingen heeft. Veel mensen geven netjes gehoor aan die oproep en eten inderdaad minder vet, maar laten daarmee vaak ook de vetten van onbesproken gedrag staan. Op de koop toe blijken de zogenaamd fatale verzadigde vetten ook nog eens van vitaal belang te zij n voor het lijf. Ze zorgen voor een juiste vetbalans in het lichaam en hebben bovendien een positieve werking op de darmen. Maar daar heeft het Voedingscentrum geen boodschap aan. De instelling, die op kosten van de levensmiddelenindustrie voorlichting geeft over wat we moeten eten en drinken, gaat onverdroten voor met haar kr",Is about food
126,Is about food,"Filet américain heeft niets met Amerika te maken Filet américain komt niet uit Amerika, maar is waarschijnlijk eeuwen geleden door de Turkssprekende Tartaren geïntroduceerd. Die waren ook al dol op rauw vlees. In Turkije en Palestina bestaat nog steeds een soort eigen filet américain. Daar heet het kibbé nayé en wordt het gemaakt van gehakt schapenvlees, gemengd met griesmeel, komijn, munt en peterselie. In de lage landen bestaat filet uit zeer mager, fijngemalen rundvlees (tartaar) en daar wordt een mayonaise-achtige saus met kruiden aan toegevoegd. Gezien de grote verschillen in het vetpercentage, is het vlees niet altijd even mager of nemen de slagers en andere producenten het niet zo nauw met de verhouding tussen mayo en vlees. Volgens een vakman hoort de verhouding 300 gram saus, voor één kilo vlees te zijn. De saus is dus de belangrijkste smaakmaker en wordt door sommige slagers zelf gemaakt om het product iets unieks mee te geven. Opvallend in deze test was bijvoorbeeld de filet van bakker Gladdines in Tholen, met verse tuinkruiden en ui. Het beleg van Dungelmann in Den Haag had eveneens een duidelijke eigen smaak. Maar de 'filetsaus' staat ook kanten klaar bij de groothandel. Zo had snackbar De Toren in Castricum niet genoeg filet in huis om de vier broodjes voor het testpanel te beleggen. Daarom werden er snel twee porties tartaar omgeklutst tot prima filet américain. Verder is de manier waarop het vlees gemalen wordt belangrijk. Goede filet heeft een 'bite' met een herkenbare vleesstructuur en is niet te fijn of te zalvig. Nederlanders eten filet standaard op brood, onze Zuiderburen eten het rauwe vlees graag met frites.",Is about food
116,Is about food,"Concurrentie van Zweedse gehaktbal ■Zweedse gehaktballetjes gaan concurreren met voorverpakte Hollandse stampotten. Ikea hoopt binnen twee maanden de eerste kant-enklaar maaltijden te verkopen. Door Remco Tomesen BARENDRECHT Aan een van de tafeltjes in het restaurant van Ikea Barendrecht zitten Joh Terlauw (79) en echtgenote Trudy (78). Op hun tafel staan twee lege borden. Joh bestudeert het kassabonnetje, Trudy praat. Wat hebben ze gegeten? Zonder iets te zeggen schuift Joh het bonnetje over de tafel. Daarop staan vier items: twee chocoladerepen, een Zweedse kipfilet van 4.50 euro en een gekruide zalm van 5.25 euro. De twee senioren uit Ridderkerk zouden best wel eens een kant-en-klaar maaltijd van de Ikea willen proberen. Maar ze zouden er niet speciaal voor naar de meubelzaak rijden. De twee zijn grootgebruikers als het gaat om kant-en-klaar maaltijden. Trudy: ""We eten wel vier keer per week zo'n maaltijd."" Of dat niet een beetje ongezond is, al die kant-en-klaar maaltijden? Trudy haalt haar schouders op en legt uit: ""We hebben geen keuze. Ik kan zelf niet meer koken."" Ze wijst naar de rollator die naast haar staat. Echtgenoot Joh knikt. Omdat we toch een beetje bezorgd zijn geworden over de ge'Liever niet te vaak een vette stamppot' zondheid van Joh en Trudy, bellen we met Ineke Volkers van het Voedingscentrum. De voedingsdeskundige stelt ons gerust: ""Zo'n magnetronmaaltijd is op zich niet ongezonder óf gezonder dan een zelfgemaakt potje."" Ook een traditionele maaltijd kan te vet of te 'groente-arm' zijn. Een gezonde warme maaltijd moet 150 gram groente bevatten. Volkers: ""Om zeker te zijn van voldoende groente zou je zelf extra rauwkost kunnen toevoegen aan een kant-enklaar maaltijd."" Ook wijst ze erop dat afwisseling belangrijk is: ""En liever niet te vaak een vette stampot."" Groente is de grote afwezige op de borden van Jannie en Sandra Duimel uit Rotterdam. De moeder en dochter eten het populairste Ikea-gerecht: Zweedse gehaktballetjes met friet. Dat is ook e",Is about food
33,Is about food,"Biefstuk, da at nooit? Robert Kranenborg, topkok Door het faillissement van het Amsterdamse Vossius was hij in één klap een vallende ster. Maar topkok Robert Kranenborg is terug. Het huisrestaurant van het Scheveningse Circustheater is zelfs uitgebreid. Le Cirque presenteert... Le Serre. Paspoort Naam: Robert Kranenborg. Geboren: 12-10-1950, Amersfoort. Opleiding: Mulo. Werkvaring: Orpheus, Apeldoorn; De Witte, Amersfoort; L'Ousteau de Baumanière, Les Beaux de Provence; Holland Amerika Lijn; Le Grand Véfour, Parijs; Juliana, Valkenburg; De Echoput, Hoog Soeren; La Cravache d'Or, Brussel; Corona, Den Haag; La Rive, Vossius, Amsterdam. 'Ik moet opboksen tegen de Lion King' ELLEN SCHOLTENS Het ene moment ben je een gevierde kok, op jacht naar die derde Michelinster. Het volgende moment laat 'het pubiek'je vallen en moet het faillissement worden aangevraagd voor je grote droom. Robert Kranenborg (55) krabbelde op na de teloorgang van het Amsterdamse Vossius. In het huisrestaurant van het Scheveningse Circustheater, in een wereld van rood pluche, zorgt hij van woensdag tot en met zondag voor 'culinair entertainment'. Dit jaar veroverde hij in Le Cirque z'n eerste Michelinster. De patron in de nieuwe, pas aangebouwde serre: ""Een tweede? Eerst moet er een harde kern ontstaan; een brigade die bij elkaar blijft en die continu vol gas geeft."" Voorlopig is hij nog een flinke schuld aan het afbetalen. Verheft zijn stem: ""Maar a] mijn leveranciers zijn bij me terug."" Werken met de beste mensen en de beste ingrediënten die er zijn, dat is nog steeds wat hem drijft. Ook als hij een bedrijf adviseert als Verstegen Specerijen. Zelf gebruikt hij, vanzelfsprekend, uitsluitend verse producten. ""Maar er zijn ook koks die op een camping 150 man te eten moeten geven. Zij willen zich vooral kunnen concentreren op het garen van vlees, vis en groente. Een perfecte béarnaisesaus met te doorbakken vlees, is ook niet lekker."" Er is nog een reden waarom hij in zee is gegaan met Verstegen Speceri",Is about food
158,Is about food,"'Wedden dat dit de leideerste kroket is?' ■Jaarlijks eten Nederlanders zo'n 350 miljoen kroketten. Gevuld met goulash, garnalen of gewoon met vlees. Mora beweert de lekkerste te maken. Door Laura Schalkwijk ROTTERDAM - Schaatsen en kroketten eten gaan best samen, vond Erik Hulzebosch gisteren in Rotterdam. ""Als je heel veel sport zoals ik, dan maakt één kroketje heus niet uit."" Hulzebosch moest samen met collega-BN'ers als Jules Deelder en Aukje van Ginneken en 185 'gewone' consumenten uit drie verschillende kroketten de lekkerste aanwijzen. Dat bleek een publiciteitsstunt van Mora te zijn. De fabrikant bracht gisteren namelijk een nieuwe rundvleesversie op de markt. ""De Lekkerste Kroket van Nederland. Zo heet-ie"", onthulde directeur Rob Bloemscheer. ""Wedden dat het de lekkerste is?"" Verrassend of niet, een meerderheid van de fijnproevers viel voor de nieuwe kroket. ""Echt geen doorgestoken kaart"", bezweert de Mora-directeur, die met zijn collega's zó blij op de uitslag reageerde, dat het leek alsof het Nederlands elftal wereldkampioen was geworden. ""We hebben een onafhankelijk onderzoeksbureau ingeschakeld voor deze smaaktest. En van tevoren hebben we uiteraard niet bekendgemaakt dat de andere kroketten van Kwekkeboom en van Van Dobben waren."" Van Dobben-directeur Olaf Noorman noemt de actie arrogant. ""Vorige week kregen we van Mora een brief, waarin ze deze weddenschap aankondigden. Maar het was totaal onduidelijk welke merken ze zouden testen. En bovendien, als ze echt moedig waren, dan hadden ze ons ook uitgenodigd om te komen proeven. Het zal nog moeten blijken welke de consument straks kiest."" Eén van die consumenten trendwatcher Anneke Ammerlaan - vindt de nieuwe kroket verrassend. ""Je kunt het trendsettend noemen. Door de supermarktoorlog waren fabrikanten behoorlijk aan het beknibbelen. Nu zie je dat Mora weer investeert in kwaliteit én in een typisch Hollands product."" Maar typisch Hollands is de kroket niet. Althans, dat zeggen de kenners. Anno 1909 proefd",Is about food
137,Is about food,"Vulling voor een vogel Eten Gisteren schreef ik over het slagerskeurklasje: de 20 meesterslagers die een hoge graad in hun vakmanschap behaalden. Het gezelschap komt vooral van beneden de rivieren en uit Zuid- en Noord-Holland, zoals Wim Broekhof uit Haarlem, die onderstaand recept voor gevogeltevulling leverde. Eerst de laureatenlij st: De Kralingse scharrelslagerij, Rotterdam; Broekhof, Haarlem; Antoine van Baars, Deume; Beerens, Eindhoven; Geurts Versgroep De Ploeg, Horst; Gommans, Sevenum; Van Roessel, Waalwijk; Ad van Karsteren, Sint-Oedenrode; Keldermann, Brunssum; Hergo, Amstelveen; Hergo, Amsterdam; Jef van de Nes, Broek in Waterland; Quadakkers, Voerendaal; Sterrenburg, Sliedrecht; Strijbos, Goirle; Kluytmans (met twee slagers), Sint-Oedenrode; Theo Veld, Oss; Vermeer, Tilburg; Zwaard, De Lier. Inmiddels hebben zich alweer 160 nieuwe slagers ingeschreven voor de opleiding, gelukkig ook uit het ondervertegenwoordigde midden, noorden en . oosten van het land. Over naar de vuling voor gevogelte, voldoende voor een panklare kalkoen van zo'n 3,5 kg. 750 gram varkensgehakt (grofgemalen, van de speklap); 1 ui in blokjes, gesmoord; 1 zoetzure appel, in blokjes; 50 pijnboompitten, geroosterd; rasp van 1 sinaasappel; sap van een halve sinaasappel; 12 gram zout; 4 gram peper; halve gram nootmuskaat; 2 beschuiten, grof geraspt of verkruimeld in de hand. Meng de vulling goed en vul de kalkoen ermee. Naai hem dicht (of steek hem vast met houten prikkers), smeer hem in met wat zout en leg hem op een grote braadslee. Overgiet hem met 125175 gram gesmolten boter en braad de kalkoen een half uur in een voorverwarmde oven van 240 °C. Temper de hitte naar 200 °C en braad hem nog anderhalf tot twee uur. Bedruip de kalkoen regelmatig met het braadvocht. Zowel warm als afgekoeld (denk aan oud & nieuw) te presenteren. ""En als er wat vulling over is, leg er dan een lapje bladerdeeg omheen en bak er iets moois van"", tipt Broekhof. Alma Huisken",Is about food
85,Is not about food,"'Rokers hebben ook recht op een plekje' AD LEZERSPANEL Horeca toch rookvrij 1 Minister Hoogervorst (Volksgezondheid) wil toch een volledig rookverbod in cafés en restaurants. Mee eens? 2 Gaan we niet erg ver in het beperken van het roken? Kim Hooning(25), Rotterdam, com m u n icatiemedewerker i Oneens. Zoals bedrijven rookruimtes creeren, kan dat ook in de horeca. Rokers hebben ook recht op een plekje. Dus maak een rokerslounge in de kroeg zodat anderen geen last hebben van de rook. 2 We worden wel erg betutteld door de regering. Ik rook niet waar een ander er last van heeft, maar dit gaat de horeca opbreken. Ons land telt nog aardig wat rokers en die houden ook van een wijntje en een etentje. Waarom is er geen middenweg? Pauline Dams-Suidman (41), Chicago (VS), yogalerares 1 Ja. Restaurants worden zo voor iedereen toegankelijk. Ik woon in Amerika waar rookvrije restaurants heel normaal zijn. Wij kunnen hier gewoon weer uit eten met ons gezin (onze jongste zoon heeft longproblemen). 2 Keuzes maken met betrekking tot je eigen gezondheid is in Nederland niet mogelijk als het gaat om de horeca. De rokers voeren de boventoon en beperken niet-rokers in hun keuzevrijheid. Nico Mourits (42), Den Haag, administratief medewerker 1 Ja, volledig mee eens. Ik bezoek regelmatig een cafeetje bij mij in de buurt, maar als fervent niet-roker word ik bijkans misselijk van de sigaTT _1_ t 1 • 11 1 itutngtui. 1 ïcu je wei cciia jc jvicicii gcj.ujs.cii na bezoek aan een restaurant of café? Walgelijk! Het motto 'Dat lossen we samen wel op' werkt natuurlijk helemaal niet, want door rokers wordt niets opgelost. Men vindt dat men overal recht heeft om te roken. Z Op dit punt kunnen we niet ver genoeg gaan. Als iemand door te roken zijn eigen gezondheid in gevaar brengt, heb ik daar niets op tegen. Alleen wil ik geen gezondheidsrisico's lopen vanwege de smerige gewoonte van een ander. José Krol (40), Stadskanaal, zelfstandig ondernemer 1 Als er een volledig rookverbod in de horeca komt, zal",Is not about food
117,Is about food,"Eten uit de wijngaard, deel I czc Piepend knijpt mijn gezelschap in de fietsremmen en op het bospad stuiven de kiezels op. 'Wat zijn dat nou?!?' klinkt het. Eén onzer staat al in het woud en bestudeert moddervette slakken die op rulle boombasten naar boven schuifelen. De huizen zijn beige tot lichtgrijs gekleurd, met hier en een daar een koffiebruine streep. 'Wijngaardslakken', suggereert iemand. 'Welnee, jo! In Nederland?!' Ja, in Nederland. Sterker nog, in het Bloemendaalse bos. ik meende er ooit over gelezen te hebben bij natuurvorser groenschrijver Henk van Halm en hij is zo aardig mijn vraag hierover te beantwoorden. 'Het zijn inderdaad wijngaardslakken, afkomstig uit het naburige Brederode. Nicolaas Beets heeft het al over die wijngaardslakken in zijn 'Camera Obscura'. Verondersteld wordt dat de Spanjaarden ze bij Brederode hebben losgelaten tijdens het beleg van Haarlem. Ze zouden de slakken als victualie (mondvoorraad) uit Spanje hebben meegenomen. Waarmee slakken thuishoren in de rij lekkere Spaanse erfenissen, zoals originele hutspot (met pastinaak en kikkererwten). In Franse wijngaarden zijn escargots niet de enige vreemde eenden: wie op domaines alleen druiven verwacht ziet de heerlijke wilde preitjes over het hoofd, die in de Bordelaise tot oeufs et braganes en sauce au vin worden verwerkt (met ei, in wijnsaus). Tijdens de wijnoogst (vendange) werd en wordt dikwijls goed gegeten; wat dacht u van eendenborst, geroosterd op een vuur van druiventakken? Navolgenswaard, bij bezit van een wijngaard. Simpeler, maar ook in druivenplukkerssfeer, zijn escargots met gloeiend hete kruidenboter uit de oven, met stokbrood en een jong rood wijntje, van de vendange van vorig jaar. Morgen blanquette de veau, naar recept van Rosi Hansons 'Recepten uit de Franse wijnstreken'. Alma Huisken",Is about food
27,Is about food,"Alle Duitsers eten braadworst Leberkase met Löwensenf (mosterd), weisswurst en Brezeln (een zoute krakeling) en bier, veel bier. Dat staat morgen tijdens de finale van de wereldkampioenschappen voetbal waarschijnlijk op tafel in de meeste Duitse woonkamers. 'Worst speelt in Duitse gezinnen een grote rol', meldt de voorlichtingsfolder van het Duits verkeersbureau in Nederland. Er zijn dan ook talloze varianten waarvan de braadworst natuurlijk de bekendste is. Borrelworsten worden gemaakt van rauw varkens- of rundvlees, spek waaraan ijs, pekelzout en kruiden worden toegevoegd. De gevulde darmen worden in water van 75 graden gekookt en daarna soms nog gerookt. Ook het avondeten is niet echt lichte kost; vlees staat centraal. Schweinehaxe bijvoorbeeld bestaat uit schijven varkensvlees met sauerkraut (zuurkool), aardappelpuree of gekookte aardappelen. Runder-entrecóte, krokant gebakken uiringen en groenten zoals worteltjes vormen samen Zwiebelrostbraten. Dit zijn de volksmaaltijden. Maar volgens Arthur Runkehl van De Watermolen in Hauwert (Noord -Holland), een van de weinige Duitse restaurants in Nederland, is de Duitse keuken veel verfijnder dan veel Nederlanders denken. ""Wij zijn goed in wild & gevogelte: hertenbout, fazantenborst, haas en ga zo maar door. Voor een goede afdronk is er wijn uit een van de 13 Duitse wijngebieden, de meest noordelijke ter wereld."" En Runkehl - die morgen geen tijd heeft om naar de finale te kijken - wil nog even een misverstand de wereld uit helpen.: "" Niet elke Duitser houdt van voetbal."" Braadworst met mosterd, zuurkool en gekookte aardappelen",Is about food
56,Is about food,"Schnabbelen achter de pannen Bijklussen in de keuken is bigbusiness. Pierre Wind kan mede door zijn schnabbels een PT-Cruiser-cabrio aanschaffen, Robert Kranenborg rijdt Audi met dank aan kruidenfabrikant Verstegen en Jonnie Boer is dankzij zijn drie sterren met een warenhuis in gesprek over een eigen productenlijn. Door Karin Kuijpers Rotterdam - Cees Helder, Nederlands eerste driesterrenchef van restaurant Parkheuvel in Rotterdam, moet niets van schnabbels hebben. ""Ikheb er een hekel aan om met eten te reizen en om in vreemde keukens met vreemde mensen te werken."" Dat weet 'de industrie': Helder wordt als enige nooit gevraagd voor reclamespotjes, winkelopeningen of kooksurvivals. Rudolph van Veen (Life el Cooking), Pierre Wind (Wind aan de kook), Cas Spijkers (voorheen De Swaen, thans zelfstandig ondernemer) en Joop Braakhekke (Le Garage) daarentegen, hebben het druk, druk, druk met het zakenleven. Cas Spijkers opent wekelijks winkels, is zijn 10de, 11de en 12de boek tegelijkertijd aan het schrijven, geeft kooksurvivals voor onder andere Hypotheek Visie, is internationaal vertegenwoordiger van de kookproducten van Princess ('net terug uit Sydney') én mede-eigenaar van een krokettenfabriek in Heerhugowaard. Ooit begon hij als gerenommeerd chef van restaurant De Swaen in Oisterwijk (twee Michelin-sterren) methettv-programma Koken met sterren. En kreeg destijds heel N ederland over zich heen toen hij pakjes Knorr ging aanprijzen. Spijkers: ""Ik heb me daar niks van aangetrokken. Ik volgde alleen maar mijn grote Franse voorbeeld Escoffier, die met het soepmerk Maggi in zee ging. Als je verder wilt en een gezond bedrijf wilt houden, kun je niet anders dan commerciële dingen erbij doen."" Spijkers raakte zowel de sterren als De Swaen kwijt en werd ondernemer. ""Maar nog elke dag ben ik gezond gespannen als ik kookdemonstraties doe, want voor kwaliteit moet j e blij ven staan."" Geen enkele kok zegt ronduit dat hij erbij klust voor de poen. Wollige verhalen over kwaliteit, g",Is about food
112,Is not about food,"Pronken met Pamela's badpak Eigenaresse Michou Daniëls (24) van de glamourzaak Famous ligt 'in een deuk' vanwege de belangstelling voor haar winkel/ galerie waar memorabilia van beroemdheden worden verkocht. Gesigneerde badpakken van Pamela Anderson voor 1750 schamele guldens vliegen reeds voor de voor morgen geplande publieksopening als zoete broodjes de deur uit. Door Leo van Marrewijk Amsterdam - Lonkende bokshandschoenen van Mohammed Ali, een hoed van Elton John, wanden vol gesigneerde portretten van beroemdheden maar ook een ruim arsenaal aan Keith Haring-artikelen krijgen in het pand nog snel een prijsje. Een voorzichtig prijsje, vindt Daniëls. ""Nederlanders zijn nu eenmaal nogal nuchter. Ik zou het liefst direct een topje van Madonna voor 50.000 gulden in de verkoop doen, maar dit is Amerika niet. In New York gaan de mensen helemaal uit hun dak als ze zoiets zien, Nederlanders zijn wat rustiger."" De bedaarde landsaard heeft er in ieder geval voor gezorgd dat Nederland tot nu toe verstoken bleef van een pand met allerhande voorwerpen van mensen die met het hoofd boven het maaiveld zijn uitgekomen. De dichtstbijzijnde 'concurrent' van Famous is gevestigd in Londen. Daniëls: ""Ik was de laatste twee jaar best een beetje bang dat er nog zo'n winkel in Nederland zou komen. Daarom heb ik er tot voor kort niet veel bekendheid aan gegeven."" Veel kinderen willen later piloot, voetballer, verpleegster of filmster worden. Het hoogste doel voor Michou Daniëls was 'verzamelaar'. Daarbij trof ze het dat haar vader, Lex Daniëls, in de kunsthandel zit. Het leverde vele reizen en vele spulletjes op. ""Van jongsaf aan ben ik hiermee bezig. Niet omdat ik zelf nou iemand ben die erg aan heldenverering doet. Eigenlijk kijk ik helemaal nooit tegen iemand op; ik heb thuis alleen iets van Jack Nichol- son hangen. Het ging mij gewoon altijd om het verzamelen. En zeker als kind vinden alle beroemdheden het best als je om handtekeningen of andere spullen vraagt. Mijn vader, moeder en bro",Is not about food
30,Is about food,"Marineer alles wat je tegenkomt ET E N f I ill Dupleix heeft een naam als I een naoorlogse etagewoning, Komt uit Australië (waar ze schreef voor de Sydney Moming Herald), is bold & beautiful en maakte in Engeland razendsnel naam, als 'kok van The Times' en auteur van tien boeken. Sneller dan de wind gaat Jill ook in haar (soms wat rommelig vertaalde) Nederlands debuut 'Lekker en snel' voortvarend tekeer (Uitgeverij Fontaine, € 17,90). Morgen een geheel uitgewerkt recept, vandaag een greep uit Jills apart gerubriceerde tips, die een vlotte draai geven aan overbekende gerechten. Ze revolutioneert de keuken niet, maar zorgt met haar behandeling voor een lekker fris briesje. 'Marineer alles wat je tegenkomt', zoals lamskoteletten met rozemarijn en oregano in olijfolie. Kip (indien vindbaar) in koriander, munt, basilicum en olie (daarna grillen). Plakjes tomaat en geitenkaas in tijm, knoflook en olijfolie. In laurier verpakken: maak uw favoriete gehaktballetjes, verpak ze in een licht geolied laurierblaadje en steek dat vast met een cocktailprikker. Bak ze, dien ze op en verwijder het blaadje. Fruit geurig maken: fruit houdt niet alleen van specerijen, ook van kruiden. Voeg eens wat basilicum toe aan ananas. Snijd verse munt en papaja klein en meng dit met door elkaar met een scheutje limoensap en een beetje suiker. Een flitsende aardappelsalade: bieslook is de voor hand liggende keuze, maar fleur uw slaatje eens op met een (Italiaanse) gremolata: 2 uitgeperste teentjes knoflook gemengd met 2 eetlepels fijngeknipte (blad) peterselie en 1 eetlepel geraspte citroenschil (liefst onbespoten). Verdeel de gremolata ook eens over gebakken vis of paddestoelen. Een zoet toetje: kaneeltoast. Strooi 2 eetlepels suiker met 1 tot 2 theelepels kaneelpoeder in een kom. Grill een boterham aan 1 kant, draai om, beboter de niet gegrilde kant, bestrooi met kaneelsuiker en gril licht tot de suiker is gesmolten. Alma Huisken O www.almahuisken.nl",Is about food
152,Is about food,"Zuppa Valpellinense Eten Turend in de polder vanaf de brug in Schermerhom, een sierlijk dorp in Noord-Holland, zag ik zes draaiende windmolens die enkele percelen tuindersgrond omsloten. Het gewas op het veld leek als twee druppels water op groene hyacinten, maar ontpopte zich tot rijen en rijen spruitkool die zich tot de mistige einder uitstrekten. Spruitjes wekken bij veel mensen walging op, ik noem het maar gewoon zoals het is. Ze ontlokken andere soms ook verbijstering, zoals in het geval van de grote Italiaanse restaurateur en kookschrijver Antonio Carluccio, die op werkbezoek in Nederland eens gnocchi verde (groene deegknoedeltjes) met spruitjes voorgezet kreeg. Beleefd zei hij niets - trok slechts diepe rimpels in het stevige voorhoofd. Dapper spieste hij een ensemble van spruit met knoedel aan de vork, kauwde eens en knikte: niet authentiek, wel erg lekker. Carluccios verbazing is begrijpelijk, want spruitjes worden in Italië nog maar kort gegeten en dan nimmer met pasta, maar ^et een bechamelsaus of bedropen met boter en vervolgens voorzien van Parmezaanse kaas. Andere koolsoorten als witte kool, savooienkool en 'zwarte kool', gelijkend op onze boerenkool, zijn in Italië oude bekenden. Een heerlijk recept van een dikke 'zuppa' noemt Carluccio in zijn 'Eten in Italië'. Daar wordt het bereid met savooienkool, maar het bleek ook erg bekoorlijk met spruitjes. 1-1/2 kg spruitjes, schoongemaakt, beetgaar gekookt of gestoomd; 4-5 sneetjes oud brood of focaccia, in stukjes; circa 250 g Fontinakaas; circa 1-1K liter kippenbouillon; flink wat versgeraspte Parmigiano Reggiano; boter. Beboter een zeer diepe, vuurvaste ovenschaal of soepterrine en vul met lekker rommelige lagen spruitjes, brood, stukjes Fontina en snippers Parmezaanse kaas. Giet de bouillon erover. Laat 20 minuten staan zodat de smaak goed intrekt. Verwarm de dikkige 'soep' en serveer met olijvenfocaccia. Gebruik eventuele restjes van gisteren! Alma Huisken",Is about food
90,Is about food,"Stampen maar! »0R JANET VAN DER VAART De stamppotten zoals we die nu kennen, zijn terug te vinden in kookboeken uit het eind van de 18de «w en begin 19de eeuw. De van 'sprong Zuid-Amerikaanse aardJpel was in Nederland al geïntronerd rond 1600, maar was niet 'populair. Pas toen de graanprijlomhoog schoten in 1755, werd 'aardappel ontdekt als goedkoop 'vullend voedsel. fearmen aten rond die tijd 'aardPels met stip', zoals ze dat in Gro•Sennoemden. Aardappels in een ®e kom met een saus van meel, ien eventueel mosterd, waar ieftonaan tafel zijn portie uit lepelde. De rijken probeerden een combinatie te maken tussen de aardappel en nationale gerechten, om zich te onderscheiden van 'de aardappeleters'. Zo ontstond de stamppot. Toen de gegoede burgerij smulde van maaltijden met aardappels, groenten en vlees als aparte gerechten, aten de boeren op het land nog voornamelijk de gestampte versie. Een groot misverstand is dat stamppot voornamelijk in de winter werd gegeten, omdat het bescherming zou bieden tegen de kou. De werkelijke reden zit 'm in de magere oogst in de winter. Groenten waren er voornamelij k in geconserveerde toestand, zoals zuurkool en gezouten bonen. Spek was vaak een luxe. Het wecken van producten zou pas in de loop van de 20ste eeuw worden 'uitgevonden'. Om de smaak van de geconserveerde groenten en het weinige spek te maskeren, gooiden de plattelanders alles bij elkaar in een pot. Gemakkelijk, ook voor de vrouwen die destijds net zo hard mee moesten werken op het land. In het oostelijk deel van Nederland, vooral in noordoost-Groningen, Drenthe, Overijssel, Limburg en een deel van Noord-Brabant, werd tussen 1900 en 1920 wel vijf tot zes keer per week stamppot gegeten. Ook in de zomer, al was dat minder vaak, omdat er meer verse groenten voorhanden waren. Het nationale gerecht bleef in trek tot ver na 1940, maar werd wel steeds meer gezien als armenvoedsel. ""Bij de arme mensen wordt alles gestampt"", is een destijds veel gehoorde uitspraak. De stamppot won ",Is about food
19,Is about food,"Zeebaars Eten Een lekker, niet te ingewikkeld recept om de week mee te starten vond ik in Elle Eten: zeebaars met linzen. Een malle combinatie voor wie bij peulvruchten aan winterse boerenmaaltijden denkt, maar voor de nieuwerwetsen onder ons bijna alweer 'gewone kost' sinds de chefkoks van Nederland de 'sjieke' linze ontdekten (Du Puy, Castellucio). Het recept is van Lucette M. Faber die u vermoedelijk kent als wijnexpert. Haar aanbevolen wijnen bij dit gerecht: een jonge Muscat of een Pinot Noir, beide uit de Elzas. Lucette zet de linzen op in (plat) zacht bronwater. Die tip geef ik zonder commentaar aan u door. Tussen haakjes mijn toevoegingen. Voor 4 personen; 250 gram bruine linzen (zie boven); 500 gram zeebaarsfilet; 1 ui, gehalveerd; 1 stengel bleekselderij; laurier (1 blad); tijm (2-3 verse takjes of A theelepel gedroogde); enkele takjes peterselie, fijngehakt; 1 kopje broodkruim (of neem hiervoor goed paneermeel); olijfolie; zout; peper; schijfjes citroen. Zet de linzen op in niet te ruim (plat) bronwater en voeg ui, bleekselderij, peper, tijm en laurier toe. Breng de linzen aan de kook en zet het vuur lager. Voeg na 10 minuten zout toe en laat de linzen nog 10 minuten koken. Controleer het gaartepunt (mooi woord): de linzen moeten nog beet hebben. Giet de linzen af en haal de kruiden eruit. Verwarm de oven voor op 220 °C. Dep de visfilets droog en smeer ze met een kwastje met olijfolie in. Bedek de bovenkant met een mengsel van broodkruim en wat zout en peper. Vet een ovenschaal in, leg de filets erin en zet ze 20 minuten in de oven. Verwarm de linzen in een beetje olijfolie en roer de peterselie erdoor. Verdeel de linzen over 4 voorverwarmde borden en leg er een moot zeebaars op. Serveer met schijfjes citroen en olijfolie. Alma Huisken",Is about food
46,Is about food,"Kookboeken? Eten Mevrouw Dekker uit RotterdamCrooswijk vraagt welke kookboeken ik aanbeveel over combinaties van groenten en kruiden bij vlees. Hier is een fikse greep. Voor klassiekNederlandse vlees-groentecom- VA j binaties: het Haags Kookboek of V- ' 'DeWannée'.dieerookineen 1 herziene versie is van Anne Scheepmaker; de vele titels van Janny de Moor; het oeuvre van Peter Klosse en ook uit mijn eigen boeken (zie www.almahuisken.nl) haal ik soms alweer vergeten maar geslaagde combi's. Voorts de boeken van Delia Smith (Brits/Europees), Marcella Hazan (Italiaans) en Claudia Roden (Midden-Oosten, Italië en de joodse keuken). Voor vis: Rick Stein. Voorde Belgische keuken o.a. het leuke 'ln België eet iedereen lekker'. Voor de vegetarische en Indiase keuken: Madhur Jaffrey, voor die van Zuidoost-Azië: Sri Owen. Voor de Californisch-Italiaanse keuken: The River Café, Rosé Cray en Ruth Rogers. Tenslotte, voor lekker jeugdig elan - maar doorwrocht van opbouw - natuurlijk het werk vanjamie Oliver. (Alle genoemde buitenlandse auteurs zijn in het Nederlands vertaald.) Uit'Jamie'sdinners': worteltjes. Kook worteltjes in lichtgezouten water met een schep suiker, een klontje boter en een kruidenbuilj lil tje(bouquetgarni) van peterselie, UI rozemarijn, tijm en laurier. Snijd een sinaasappel in achten en JLvt voeg ze toe aan het kookwater, mi samen met wat knoflooktenen (nog in hun velletje) en komijn (zaad of gemalen). Giet de worteltjes af, gooi de kruiden en de sinaasappelparten op één na weg, pers de knoflook uit de velletjes; hak deze met de sinaasaappel Fijn, en roer door de worteltjes, met wat zout en boter. Lekker bij karbonaadjes(vind ik). ALMAHUISKEN O www.almahuisken.nl",Is about food
150,Is not about food,"De Koreanen blijven maar komen Het kleine Varsseveld is sinds het wereldkampioenschap voetbal the place to be voor Koreanen. Tot en met zaterdag staat het dorp in het teken van de Dutch-Korean week. De Achterhoekers kunnen nog steeds lachen om zo veel onnozelheid. Varsseveld tot in mei volgeboekt met Hiddink-fans DoorOrkun Akinci Varsseveld - Tja, wat denken de twee oudere vrouwen van het voor Varsseveldse begrippen immense podium naast het stadhuis? Na een paar schampere lachjes moet de mondigste dame bekennen dat het voor haar eigenlijk niet had gehoeven. Ze zegt er eerlijk bij dat ze niet zo'n feestnummer is en zolang haar dorpsgenoten het allemaal nog aardig vinden, nou ja, dan moeten ze vooral blijven genieten. ""Ik moet erbij zeggen dat die Koreanen wel heel aardige mensen zijn. Maar het gaan allemaal een beetje lang door, vindt u ook niet?"" Het blijkt dat de vrouwen niet helemaal ongevoelig zijn voor de Guus Hiddink-hype. Een paar dagen geleden hebben ze samen voor de etalage van het Guuseum (dat vandaag de deuren opent) gestaan. Onder het mom van 'Je kunt er niet omheen' hebben ze bekeken wat er zoal ligt. Al hebben ze de televisie met de Koreaanse nieuws- en amusementszender Arirang TV geen blik waardig gegund. Trouwens, ze zullen het museum ook niet van binnen gaan bekijken. ""Wij kennen Guus toch al? Onze jongens zijn met hem en zijn broers naar school geweest, zijn vader was hoofdonderwijzer. En zo veel bijzonders kan zo'n museum niet zijn."" Dat zijn de Guusjes bij bakker Siebelink misschien evenmin, maar de veredelde krentenbollen zijn er elke dag al vroeg uitverkocht. Ze zijn maar weer eens in de aanbieding gedaan, maar waarschijnlijk gaan ze voor de dubbele prijs nog steeds grif over de toonbank. De verkoopster kan nog steeds genieten van de gekte. ""En ik hoor anderen ook nooit klagen. Er schijnen voor volgend jaar al veel boekingen te zijn van Koreanen. Het is leuk om ze op een bolderkar voorbij te zien rijden. We hebben ze weinig te bieden, maar ze bl",Is not about food
4,Is about food,"Voer voor kook-o-logen I Kookboeken zijn populair dezer dagen. Niet alleen zijn ze het perfecte Sinterklaasof kerstcadeau voor alle kookgekken in de familie of vriendenkring, ze vormen ook het hoofdbestanddeel van de tentoonstelling Vis op ti papier, de mooiste J kookboeken van vroeger en 4 nu in de Rotterdamse I Kunsthal. Het geheim | van een goed I kookboek Doorjaqueline Storm tt ('ïf ?! Ë M MM Mist je dat maar it ft B ËÊ Ê vijf procent .po B JL ff van alle kookn Kijiuq boeken echt a wo ris o V W tot op de letter Jf 1 wordt gevolgd?' Televisie-chefkok Pierre Wind, auteur van Wind aan de kook, lacht, maar bedoelt het bloedserieus. ""Echt waar: de meeste mensen bladeren wel in een kookboek en halen er boodschappenlijstjes uit, maar de recepten worden zelden tot op de letter nagevolgd. Ze dienen hoogstens als inspiratie. Daarom vinden de meeste mensen kookboeken met veel plaatjes ook zo prettig. En vandaar dat die boeken van f ' Jamie Oliver zo ongelooflijk B populair zijn."" K1 Het kon niet uitblijven. a Wie het over kookboeken 01 heeft, hoort vroeg of laat de naam van de jonge Britse lej"" chefkok, wiens Jamie en 1# The Naked Chef is terug al tijre 1 den de top 10 van best verf ta kochte kookboeken aanvoestil- ren. Ie u-j pierre Wind, die elke zondag op Nederland 3 is te if zien met Kookvanjou!, heeft re 1 het echter niet zo op zij n cuw - linaire tv-collega. ""Ik vind ï; zijn boeken echt wc-papier. 1: 'jOf liever gezegd: vond. ®1 Want ik heb inmiddels wel 0,1,1 'ontdekt dat veel mensen er $ met plezier uit koken. En "". dat snap ik ook: hij gebruikt niet te veel of te moeilijke ii ingrediënten en die boeken |||j zien er gewoon wel smake- Ml Ilijk pit, met al die plaatjes."" H Plaatjes. Ze zijn, hoezeer ■dé professionele culi's dat ■| ook verafschuwen, voor ffl | veel amateur-koks dé reden Iom een kookboek aan te 1 schaffen. Terecht, vindt 1 Rens de Jonge, foodstylist en schrijver van het pas verschenen Kookzaken. ""Dat komt natuurlijk ook een ""beetje door mijn vak (De Jo",Is about food
